"year","ssp126","ssp245","ssp370","ssp585"
1850,2.3437,2.3437,2.3437,2.3437
1851,2.3728,2.3728,2.3728,2.3728
1852,2.4692,2.4692,2.4692,2.4692
1853,2.3727,2.3727,2.3727,2.3727
1854,2.2957,2.2957,2.2957,2.2957
1855,2.3443,2.3443,2.3443,2.3443
1856,2.3655,2.3655,2.3655,2.3655
1857,2.3729,2.3729,2.3729,2.3729
1858,2.4108,2.4108,2.4108,2.4108
1859,2.3692,2.3692,2.3692,2.3692
1860,2.4412,2.4412,2.4412,2.4412
1861,2.4084,2.4084,2.4084,2.4084
1862,2.3992,2.3992,2.3992,2.3992
1863,2.5212,2.5212,2.5212,2.5212
1864,2.4262,2.4262,2.4262,2.4262
1865,2.3939,2.3939,2.3939,2.3939
1866,2.3256,2.3256,2.3256,2.3256
1867,2.3179,2.3179,2.3179,2.3179
1868,2.3259,2.3259,2.3259,2.3259
1869,2.3068,2.3068,2.3068,2.3068
1870,2.3547,2.3547,2.3547,2.3547
1871,2.3583,2.3583,2.3583,2.3583
1872,2.4281,2.4281,2.4281,2.4281
1873,2.3925,2.3925,2.3925,2.3925
1874,2.4531,2.4531,2.4531,2.4531
1875,2.422,2.422,2.422,2.422
1876,2.4637,2.4637,2.4637,2.4637
1877,2.464,2.464,2.464,2.464
1878,2.4269,2.4269,2.4269,2.4269
1879,2.4079,2.4079,2.4079,2.4079
1880,2.4601,2.4601,2.4601,2.4601
1881,2.3651,2.3651,2.3651,2.3651
1882,2.404,2.404,2.404,2.404
1883,2.4529,2.4529,2.4529,2.4529
1884,2.5389,2.5389,2.5389,2.5389
1885,2.6127,2.6127,2.6127,2.6127
1886,2.5545,2.5545,2.5545,2.5545
1887,2.5153,2.5153,2.5153,2.5153
1888,2.5234,2.5234,2.5234,2.5234
1889,2.4903,2.4903,2.4903,2.4903
1890,2.4977,2.4977,2.4977,2.4977
1891,2.4643,2.4643,2.4643,2.4643
1892,2.4223,2.4223,2.4223,2.4223
1893,2.4467,2.4467,2.4467,2.4467
1894,2.3737,2.3737,2.3737,2.3737
1895,2.3628,2.3628,2.3628,2.3628
1896,2.4427,2.4427,2.4427,2.4427
1897,2.363,2.363,2.363,2.363
1898,2.3346,2.3346,2.3346,2.3346
1899,2.3959,2.3959,2.3959,2.3959
1900,2.3584,2.3584,2.3584,2.3584
1901,2.3138,2.3138,2.3138,2.3138
1902,2.3481,2.3481,2.3481,2.3481
1903,2.5164,2.5164,2.5164,2.5164
1904,2.4822,2.4822,2.4822,2.4822
1905,2.487,2.487,2.487,2.487
1906,2.4832,2.4832,2.4832,2.4832
1907,2.4929,2.4929,2.4929,2.4929
1908,2.463,2.463,2.463,2.463
1909,2.4983,2.4983,2.4983,2.4983
1910,2.4232,2.4232,2.4232,2.4232
1911,2.4962,2.4962,2.4962,2.4962
1912,2.5909,2.5909,2.5909,2.5909
1913,2.5221,2.5221,2.5221,2.5221
1914,2.5306,2.5306,2.5306,2.5306
1915,2.422,2.422,2.422,2.422
1916,2.4538,2.4538,2.4538,2.4538
1917,2.5037,2.5037,2.5037,2.5037
1918,2.427,2.427,2.427,2.427
1919,2.4694,2.4694,2.4694,2.4694
1920,2.4504,2.4504,2.4504,2.4504
1921,2.4462,2.4462,2.4462,2.4462
1922,2.3826,2.3826,2.3826,2.3826
1923,2.3845,2.3845,2.3845,2.3845
1924,2.4031,2.4031,2.4031,2.4031
1925,2.4333,2.4333,2.4333,2.4333
1926,2.4756,2.4756,2.4756,2.4756
1927,2.4039,2.4039,2.4039,2.4039
1928,2.3344,2.3344,2.3344,2.3344
1929,2.339,2.339,2.339,2.339
1930,2.351,2.351,2.351,2.351
1931,2.3575,2.3575,2.3575,2.3575
1932,2.3164,2.3164,2.3164,2.3164
1933,2.3436,2.3436,2.3436,2.3436
1934,2.3042,2.3042,2.3042,2.3042
1935,2.3499,2.3499,2.3499,2.3499
1936,2.3642,2.3642,2.3642,2.3642
1937,2.3016,2.3016,2.3016,2.3016
1938,2.3942,2.3942,2.3942,2.3942
1939,2.3707,2.3707,2.3707,2.3707
1940,2.3524,2.3524,2.3524,2.3524
1941,2.3491,2.3491,2.3491,2.3491
1942,2.3408,2.3408,2.3408,2.3408
1943,2.3218,2.3218,2.3218,2.3218
1944,2.3106,2.3106,2.3106,2.3106
1945,2.3968,2.3968,2.3968,2.3968
1946,2.3603,2.3603,2.3603,2.3603
1947,2.3108,2.3108,2.3108,2.3108
1948,2.3116,2.3116,2.3116,2.3116
1949,2.3165,2.3165,2.3165,2.3165
1950,2.2658,2.2658,2.2658,2.2658
1951,2.2765,2.2765,2.2765,2.2765
1952,2.265,2.265,2.265,2.265
1953,2.3234,2.3234,2.3234,2.3234
1954,2.281,2.281,2.281,2.281
1955,2.2596,2.2596,2.2596,2.2596
1956,2.2741,2.2741,2.2741,2.2741
1957,2.3058,2.3058,2.3058,2.3058
1958,2.3811,2.3811,2.3811,2.3811
1959,2.3313,2.3313,2.3313,2.3313
1960,2.3249,2.3249,2.3249,2.3249
1961,2.353,2.353,2.353,2.353
1962,2.3643,2.3643,2.3643,2.3643
1963,2.382,2.382,2.382,2.382
1964,2.4126,2.4126,2.4126,2.4126
1965,2.471,2.471,2.471,2.471
1966,2.4317,2.4317,2.4317,2.4317
1967,2.5077,2.5077,2.5077,2.5077
1968,2.3949,2.3949,2.3949,2.3949
1969,2.4533,2.4533,2.4533,2.4533
1970,2.3881,2.3881,2.3881,2.3881
1971,2.4585,2.4585,2.4585,2.4585
1972,2.443,2.443,2.443,2.443
1973,2.3728,2.3728,2.3728,2.3728
1974,2.4085,2.4085,2.4085,2.4085
1975,2.3739,2.3739,2.3739,2.3739
1976,2.3875,2.3875,2.3875,2.3875
1977,2.3478,2.3478,2.3478,2.3478
1978,2.4284,2.4284,2.4284,2.4284
1979,2.3791,2.3791,2.3791,2.3791
1980,2.3249,2.3249,2.3249,2.3249
1981,2.3401,2.3401,2.3401,2.3401
1982,2.321,2.321,2.321,2.321
1983,2.3813,2.3813,2.3813,2.3813
1984,2.3767,2.3767,2.3767,2.3767
1985,2.3028,2.3028,2.3028,2.3028
1986,2.3257,2.3257,2.3257,2.3257
1987,2.2858,2.2858,2.2858,2.2858
1988,2.2932,2.2932,2.2932,2.2932
1989,2.2368,2.2368,2.2368,2.2368
1990,2.1326,2.1326,2.1326,2.1326
1991,2.1657,2.1657,2.1657,2.1657
1992,2.3689,2.3689,2.3689,2.3689
1993,2.3651,2.3651,2.3651,2.3651
1994,2.2571,2.2571,2.2571,2.2571
1995,2.2452,2.2452,2.2452,2.2452
1996,2.1797,2.1797,2.1797,2.1797
1997,2.1125,2.1125,2.1125,2.1125
1998,2.1458,2.1458,2.1458,2.1458
1999,2.0001,2.0001,2.0001,2.0001
2000,2.0726,2.0726,2.0726,2.0726
2001,2.06,2.06,2.06,2.06
2002,1.9775,1.9775,1.9775,1.9775
2003,1.9423,1.9423,1.9423,1.9423
2004,1.8782,1.8782,1.8782,1.8782
2005,1.927,1.927,1.927,1.927
2006,1.856,1.856,1.856,1.856
2007,1.7735,1.7735,1.7735,1.7735
2008,1.728,1.728,1.728,1.728
2009,1.7123,1.7123,1.7123,1.7123
2010,1.8139,1.8139,1.8139,1.8139
2011,1.7582,1.7582,1.7582,1.7582
2012,1.7648,1.7648,1.7648,1.7648
2013,1.7018,1.7018,1.7018,1.7018
2014,1.6678,1.6678,1.6678,1.6678
2015,1.6883,1.552,1.6221,1.6828
2016,1.6256,1.6448,1.6905,1.6811
2017,1.6598,1.6122,1.5729,1.6694
2018,1.5677,1.5744,1.526,1.5839
2019,1.4708,1.5039,1.5614,1.5962
2020,1.4325,1.5443,1.5459,1.6718
2021,1.3479,1.5167,1.4797,1.5534
2022,1.3396,1.4603,1.5364,1.4454
2023,1.4514,1.4079,1.5327,1.4374
2024,1.4264,1.4751,1.5451,1.4141
2025,1.3748,1.5206,1.4696,1.3738
2026,1.2977,1.5075,1.3513,1.3815
2027,1.3629,1.4076,1.3693,1.3535
2028,1.3854,1.4076,1.3169,1.2683
2029,1.316,1.3311,1.3289,1.2962
2030,1.3906,1.3933,1.3201,1.2403
2031,1.3416,1.3912,1.3347,1.2654
2032,1.3618,1.3565,1.3489,1.2212
2033,1.263,1.3264,1.3001,1.2187
2034,1.3001,1.2036,1.3009,1.1255
2035,1.2244,1.1876,1.258,1.1178
2036,1.2167,1.254,1.2645,1.1067
2037,1.0901,1.1079,1.1827,1.0318
2038,1.1128,1.1124,1.1995,0.9723
2039,1.1553,1.0951,1.0484,0.9461
2040,1.0765,1.0542,1.0634,0.9301
2041,1.1205,1.0161,1.0616,0.8983
2042,1.0351,1.0548,1.0214,0.8901
2043,1.0646,1.0158,1.0308,0.866
2044,1.0459,0.96,1.0502,0.8496
2045,1.0244,0.9498,0.9959,0.8208
2046,1.0286,0.8988,0.91,0.75
2047,1.0463,0.9073,0.9156,0.7264
2048,1.0731,0.791,0.8672,0.6998
2049,1.0817,0.7889,0.913,0.6749
2050,1.0199,0.7935,0.9354,0.59
2051,1.0353,0.8469,0.8663,0.6432
2052,1.1584,0.8588,0.8078,0.5334
2053,1.083,0.8521,0.7806,0.5857
2054,1.0603,0.9072,0.7837,0.5972
2055,1.0884,0.8165,0.7273,0.5924
2056,0.9843,0.8376,0.636,0.5663
2057,1.044,0.7395,0.6285,0.5168
2058,1.0207,0.7458,0.6389,0.4946
2059,1.0167,0.7368,0.6681,0.4648
2060,1.0195,0.674,0.6078,0.5133
2061,1.0113,0.6608,0.5972,0.4635
2062,0.929,0.6625,0.5706,0.4012
2063,0.9991,0.7306,0.5489,0.408
2064,0.9465,0.6432,0.4784,0.4487
2065,0.9727,0.7334,0.5058,0.4333
2066,0.9537,0.7181,0.533,0.338
2067,0.9228,0.6741,0.5402,0.373
2068,0.9198,0.6921,0.4754,0.3856
2069,0.9944,0.6493,0.4312,0.3672
2070,0.9268,0.6493,0.3959,0.3266
2071,0.8424,0.6768,0.4277,0.3288
2072,0.9056,0.7012,0.348,0.2869
2073,0.9925,0.6822,0.3472,0.2982
2074,0.9206,0.5904,0.3542,0.2305
2075,0.9915,0.6223,0.3621,0.3145
2076,0.9535,0.5649,0.3516,0.2746
2077,0.9788,0.5876,0.3788,0.2798
2078,0.9055,0.6012,0.2965,0.2165
2079,0.8766,0.6259,0.3418,0.2302
2080,0.945,0.5869,0.3631,0.2159
2081,0.9977,0.5581,0.3552,0.2232
2082,0.9835,0.5876,0.3031,0.2128
2083,0.8822,0.497,0.3183,0.2006
2084,0.9512,0.5371,0.2906,0.1979
2085,0.9615,0.5235,0.2982,0.1605
2086,0.9513,0.5279,0.2806,0.1963
2087,0.9262,0.4779,0.2937,0.2064
2088,0.9736,0.5176,0.2656,0.1572
2089,1.0043,0.5331,0.2533,0.1763
2090,1.0457,0.4697,0.2397,0.1751
2091,1.0428,0.4269,0.2062,0.157
2092,0.9321,0.5239,0.1864,0.1334
2093,0.9894,0.4579,0.2407,0.0988
2094,1.0026,0.4691,0.2599,0.1037
2095,1.0223,0.442,0.2342,0.1364
2096,1.0922,0.4184,0.2263,0.1206
2097,0.9488,0.4428,0.1832,0.1103
2098,0.9748,0.3993,0.2299,0.1168
2099,0.9617,0.5065,0.201,0.1436
2100,0.9672,0.5033,0.1778,0.1118
