"year","ACCESS-CM2","ACCESS-ESM1-5","BCC-CSM2-MR","CanESM5","EC-Earth3","FGOALS-g3","GFDL-ESM4","INM-CM4-8","INM-CM5-0","IPSL-CM6A-LR","MIROC6","MPI-ESM1-2-HR","MPI-ESM1-2-LR","MRI-ESM2-0","NorESM2-LM","NorESM2-MM"
1850,2.1256,2.0473,1.7236,2.2332,3.0775,3.4557,1.898,2.5654,2.4203,2.5694,2.4432,1.9141,2.0834,1.8732,2.5189,2.6195
1851,2.0887,1.9895,2.0649,2.4366,2.8322,3.4615,1.9851,2.8619,2.432,2.1815,2.5425,1.9365,2.3345,1.8632,2.3366,2.5292
1852,2.3192,2.2155,2.2828,2.3121,2.6403,3.9358,2.2229,2.9847,2.5528,2.5858,2.5428,1.9096,2.3977,1.6737,2.3177,2.5531
1853,2.0719,2.0847,2.1522,2.5031,2.7835,3.5073,2.3291,2.9738,2.5662,2.2396,2.4605,1.7595,2.2516,1.7942,2.0527,2.5103
1854,1.921,2.0518,2.1382,2.4191,2.863,3.5402,1.8618,2.9975,2.6018,2.1244,2.2708,1.4771,2.1367,1.9569,2.1484,2.263
1855,2.0868,1.9907,1.9481,2.7201,2.6551,3.9024,1.7197,2.9556,2.7256,2.4513,2.1785,1.9388,2.0498,1.8526,2.0839,2.4755
1856,2.0823,2.1026,1.8526,2.3522,2.6231,3.5615,1.6757,2.9239,2.7402,2.48,2.2491,1.9715,2.1178,2.0848,2.1245,2.8601
1857,2.2938,2.0407,2.1328,2.3933,2.8767,3.8931,1.7659,3.0296,2.6244,2.3875,2.1818,1.7369,1.9828,1.9386,1.8815,2.9293
1858,2.4154,1.9404,1.8363,2.3493,2.9702,3.5565,2.0909,2.9288,2.7648,2.4146,2.2158,1.9897,2.1035,2.1244,2.1941,2.8079
1859,2.2111,1.9954,1.9272,2.4362,3.099,3.2467,2.1058,2.8809,2.63,2.1347,2.3091,2.0961,1.9524,1.9144,2.3903,2.6867
1860,2.1836,2.2197,2.1589,2.6193,3.3967,3.5963,1.7134,2.8323,2.308,2.4348,2.2652,2.1653,1.833,2.1395,2.6265,2.7603
1861,2.1993,2.1494,2.1536,2.4161,2.972,3.5001,1.9746,2.9943,2.6298,2.0894,2.2897,2.064,1.8996,1.94,2.4752,2.7587
1862,2.3274,2.1839,2.1017,2.4673,2.9048,3.3541,1.7421,2.8857,2.5292,2.3795,2.4101,2.0186,1.7823,1.9229,2.6684,2.8105
1863,2.5284,2.1919,2.4232,2.3424,2.9789,3.763,1.9429,3.0742,2.9031,2.5324,2.4359,1.9721,1.9111,2.2369,2.3692,2.7608
1864,2.4047,2.1875,2.2039,2.2832,2.7412,3.5038,1.823,3.0241,2.6615,2.4537,2.2739,2.1195,1.9445,2.2113,2.3998,2.5751
1865,2.6422,2.1997,1.869,2.4955,2.7643,3.4869,1.7349,2.9811,2.5467,2.126,2.4136,2.2859,2.0632,2.173,2.2619,2.3905
1866,2.4242,2.2941,1.8883,2.3147,2.7583,3.5121,1.8911,2.9013,2.6448,2.1767,2.229,2.0453,1.9542,1.7943,2.3036,2.2456
1867,2.0201,2.1092,1.5776,2.4668,2.6834,3.3567,1.6941,2.8115,2.5159,2.6309,2.1699,2.0623,1.9893,2.3908,2.2668,2.4903
1868,1.9751,2.2206,1.5231,2.2501,2.8322,3.2047,1.9575,3.0286,2.5575,2.6421,2.1617,2.0013,1.9189,2.2638,2.2257,2.5861
1869,2.2004,1.9622,1.476,2.3713,2.6131,3.5921,1.8019,3.0009,2.5505,2.3006,2.0045,1.9202,1.9736,2.2214,2.3687,2.6263
1870,2.055,1.9697,2.0962,2.0471,2.6879,3.6132,1.8394,2.8738,2.6902,2.4207,2.0059,1.8806,1.8641,2.3685,2.3495,2.7089
1871,1.8792,1.8369,1.9729,2.5031,2.9105,3.3765,2.1345,2.6518,2.5767,2.4542,2.0914,1.9121,2.0589,2.2809,2.2746,2.8645
1872,2.2915,1.8386,1.9338,2.6286,3.1927,3.9439,1.7422,2.7267,2.5649,2.3598,2.1394,2.1682,2.2141,2.3154,2.3517,2.5638
1873,2.3359,2.0261,2.0198,2.5876,2.801,3.6633,1.7381,2.7325,2.4969,2.2072,2.294,2.1871,2.047,2.2234,2.3085,2.6549
1874,1.8865,2.0641,1.976,2.5423,2.9508,4.0031,1.7882,2.9641,2.6597,2.5148,2.0394,2.053,2.0834,2.5525,2.4359,2.6629
1875,2.1332,1.777,1.9351,2.5038,3.0479,3.4574,1.6533,3.0503,2.8809,2.6144,2.3238,2.2332,2.1835,2.0562,2.476,2.4974
1876,2.3528,2.1551,2.0032,2.3606,3.1052,3.6868,1.99,2.8963,2.6061,2.3292,2.3133,2.37,2.1238,2.2873,2.3226,2.5128
1877,2.3576,2.0448,2.2637,2.3676,2.9606,3.6,2.0486,2.9152,2.2673,2.412,2.4121,2.4374,2.1984,2.3264,1.9542,2.796
1878,2.2295,2.1204,1.8017,2.3642,2.96,4.0257,2.2157,2.9544,2.4306,2.3795,2.1972,2.3671,2.2994,1.9284,2.0323,2.5569
1879,2.1731,2.0651,1.8555,2.1909,2.8716,3.8752,2.0289,2.7786,2.7823,2.0081,2.1235,2.296,2.0642,2.0688,2.3337,2.7672
1880,2.4119,2.237,1.9619,2.2663,3.0645,3.5854,1.8252,3.0047,2.7069,2.3475,2.4211,2.3184,2.1445,1.9666,2.121,2.9496
1881,2.2692,2.0697,1.9192,2.4208,2.4196,3.5076,1.9971,2.722,2.3929,2.1287,2.3496,2.2451,2.2543,1.9844,2.4256,2.5931
1882,2.5043,2.287,1.9637,2.1856,2.2318,3.8854,1.9176,2.8279,2.449,2.4995,2.3618,1.9534,2.306,1.8445,2.3734,2.7385
1883,2.4581,2.1338,1.9383,2.3422,2.6668,3.9514,1.6518,2.7898,2.7214,2.9897,2.336,1.9339,2.5145,1.6725,2.3722,2.8673
1884,2.4984,2.118,2.2903,2.5331,2.8775,3.6237,2.0065,2.9434,2.6681,2.9582,2.3593,2.3088,2.3848,2.0093,2.3038,2.8986
1885,2.652,2.1004,2.3231,2.5724,3.1647,3.4085,2.3857,3.0958,3.0632,2.6642,2.4912,2.211,2.4061,2.306,2.1878,2.9507
1886,2.6053,2.321,2.2042,2.6201,2.8309,3.6207,2.343,2.9181,2.7834,2.8469,2.5817,2.2193,2.272,2.1845,2.2012,2.5929
1887,2.7241,2.228,2.1244,2.8441,2.7071,3.5857,2.2208,2.7025,2.8856,2.8857,2.3008,2.0938,2.5214,1.6771,2.3491,2.8685
1888,2.5959,2.2693,2.0225,2.5408,3.3035,3.265,2.1898,3.0059,2.7362,2.4821,2.4685,2.1204,2.2223,2.2492,2.3483,2.8211
1889,2.4927,2.3384,2.0146,2.59,2.8815,3.6491,2.2073,3.0743,2.7465,3.0286,2.5317,1.9874,2.0245,1.9585,2.0061,2.7575
1890,2.7053,2.1314,1.7556,2.7585,2.9929,3.4217,2.0619,3.1926,2.7521,2.73,2.529,1.8719,2.1857,2.2771,2.1661,2.904
1891,2.3467,2.1975,1.9085,2.6027,3.0185,3.5685,1.9017,3.3736,2.5543,2.7618,2.3987,2.1312,2.2822,1.8397,1.8295,3.0245
1892,2.3896,2.0432,1.9205,2.6797,3.1393,3.7568,1.9228,3.3122,2.6609,2.7216,2.3616,1.7832,2.4381,1.2045,1.936,2.96
1893,2.4981,1.9245,2.1278,2.7631,3.2712,3.5359,1.976,3.3054,2.5072,2.4107,2.3145,1.9702,2.244,1.8195,1.8782,3.0128
1894,2.2543,1.9995,1.8411,2.7079,3.124,3.7625,1.8056,3.2258,2.5091,2.3879,2.2806,1.9879,2.0867,1.6605,1.895,2.8171
1895,2.4103,1.862,2.1426,2.5278,2.9655,3.4639,1.7053,3.0221,2.8491,2.2334,2.4041,1.8502,2.2017,1.4538,1.9756,2.9314
1896,2.1441,2.1871,1.8588,2.2081,2.9713,3.9004,2.0996,2.9797,2.6542,2.3309,2.458,2.1236,2.2627,1.9394,1.8583,2.9657
1897,2.4267,2.2381,1.5476,2.3694,2.9362,3.4065,1.8935,2.7881,2.6447,2.3399,2.308,2.0022,2.1014,2.0784,1.9455,2.9847
1898,2.082,2.206,1.6267,2.411,3.0708,3.6862,1.7463,2.8613,2.7364,2.2833,2.1822,2.0231,2.0096,1.8716,1.8989,2.8206
1899,2.1588,2.3684,1.8385,2.3164,3.0995,3.5969,1.8685,2.8214,2.7518,2.4665,2.3974,1.9734,2.0149,1.6802,2.1915,2.9086
1900,2.2137,2.1255,1.7902,2.3789,2.824,3.9965,2.0235,2.8075,2.7294,2.3555,2.1797,1.7831,2.0126,1.79,1.9338,2.9244
1901,1.8749,2.1399,1.5158,2.7135,3.1239,3.6868,1.5617,2.7532,2.7004,2.556,2.2638,2.0751,2.0781,1.731,1.8101,2.7883
1902,2.1128,2.1278,1.8065,2.693,3.4005,3.5361,1.9524,2.7813,2.4648,2.4151,2.0342,1.8529,2.107,2.0143,2.0637,2.6636
1903,2.1057,2.1585,2.0625,2.725,3.4611,3.918,1.9286,3.0625,2.8983,2.5963,2.2209,2.1415,2.2058,1.9503,2.2089,2.8705
1904,2.4571,2.2344,1.9277,2.5626,3.5418,3.666,1.9028,2.9636,2.7995,2.4122,2.3963,2.0556,2.0563,2.0527,2.1551,2.8515
1905,2.5986,2.1999,1.4749,2.7659,3.44,3.9667,1.9983,2.8956,2.7586,2.7535,2.4948,1.9239,2.1455,1.9547,2.1661,2.8402
1906,2.3977,2.2918,1.8217,2.6049,3.3193,3.6637,2.23,2.8485,2.6399,2.7126,2.447,1.9984,2.3144,1.9395,2.1112,2.7848
1907,2.56,2.097,1.8656,2.53,3.4583,3.6253,1.6665,2.8896,2.6693,2.5184,2.5613,2.2995,2.3163,1.8262,2.3013,2.9207
1908,2.3535,2.0222,1.8023,2.304,3.4015,3.8676,1.863,2.7254,2.6347,2.4003,2.5463,2.0891,2.2167,1.8984,2.3421,2.947
1909,2.5644,2.2425,1.6961,2.4247,3.7428,4.058,1.9306,2.8387,2.5598,2.3372,2.4557,2.1432,2.0317,2.029,2.2399,2.929
1910,2.576,2.0396,1.89,2.4958,3.3975,3.6705,1.8401,2.7558,2.4715,2.3313,2.612,2.0686,1.9925,1.6432,2.2872,2.9678
1911,2.7136,1.9075,2.2842,2.6704,3.1466,3.8115,1.7978,3.084,2.4623,2.5107,2.5711,2.1934,2.0586,1.8601,2.1114,3.021
1912,2.8562,2.5378,1.8858,2.8374,3.6107,3.5313,1.7269,2.9474,2.542,2.8126,2.8197,2.1145,2.3502,2.0453,2.2637,3.1217
1913,3.039,2.1038,1.9365,2.6048,3.1242,3.8131,1.7271,2.8915,2.4735,2.7409,2.7071,1.9739,2.3569,2.0414,2.2503,2.9416
1914,2.9501,2.0975,2.067,2.8143,3.0612,3.6398,2.0913,3.1517,2.5982,2.4655,2.6377,1.7876,2.1027,1.9689,2.6455,2.844
1915,2.991,2.2787,1.6448,2.759,3.2817,3.5972,1.6999,2.7694,2.3397,2.6147,2.5093,1.7373,2.0515,2.0266,2.5481,2.5915
1916,2.6719,2.0214,1.7891,2.8148,3.2174,3.3492,1.8636,2.961,2.599,2.7099,2.386,1.977,2.0175,2.1296,2.4888,2.8256
1917,2.6997,2.2292,1.78,2.538,3.3589,3.7335,2.0093,2.979,2.6181,2.5647,2.3368,1.883,2.1248,2.1251,2.6458,2.7932
1918,2.6146,2.1608,1.9193,2.8346,3.1712,3.3419,2.0661,2.8184,2.5665,2.5584,2.0981,1.9636,2.0419,1.8585,2.4598,2.9577
1919,2.5585,2.2608,1.5774,2.6143,3.2302,3.6051,1.9343,3.078,2.5251,2.63,2.3165,1.9316,2.187,2.3504,2.0944,3.0166
1920,2.5165,2.2584,1.8123,2.846,3.5642,3.5329,1.7572,3.0952,2.4249,2.4375,2.1634,1.9232,1.9997,2.2408,2.2042,2.9981
1921,2.6259,2.192,1.9104,2.5432,3.0772,3.9086,1.6226,3.0682,2.1056,2.314,2.1702,2.0939,2.0145,2.2801,2.2965,3.0854
1922,2.4094,2.3233,2.039,2.4197,2.9528,3.4555,1.7927,2.8002,2.4721,2.5821,2.1794,2.1412,1.9594,1.8986,2.1535,2.8154
1923,2.4502,2.587,1.8048,2.5949,2.8012,3.7957,1.826,2.7649,2.4643,2.5933,2.3464,1.949,1.8457,2.063,1.7363,2.9376
1924,2.3272,2.4731,1.7446,2.6396,3.1073,3.6177,1.8711,2.6326,2.5894,2.6098,2.3868,1.8098,1.8807,1.5845,2.3421,3.2488
1925,2.4477,2.1337,1.9195,2.6034,3.6736,3.5727,1.938,2.6373,2.4975,2.3296,2.39,1.6711,1.982,2.0402,2.2291,3.2478
1926,2.7024,1.8487,1.8086,2.7803,3.0553,3.8718,1.8728,2.9039,2.5425,2.098,2.3433,1.8688,2.26,2.3384,2.5064,2.9824
1927,2.3694,1.9493,1.7698,2.5731,3.2882,3.8338,2.3077,2.8755,2.4754,1.9789,2.3261,1.8376,2.0293,2.0688,2.113,2.8679
1928,2.7553,2.0206,1.635,2.6245,3.551,3.4554,2.2437,2.9231,2.3103,2.3976,2.257,1.8486,1.9175,1.4582,2.0066,2.7401
1929,2.3583,2.094,1.6788,2.5018,3.4667,3.4873,2.0056,2.8746,2.3537,2.185,2.1765,1.8553,1.8697,2.1593,1.9794,2.7817
1930,2.3099,1.9687,1.7853,2.3499,3.8972,3.6884,2.121,2.5429,2.261,2.2841,2.3077,1.6105,1.8612,2.0851,2.2164,2.7096
1931,2.2827,1.9628,1.6574,2.5957,3.9933,3.5036,2.127,2.6278,2.415,2.0572,2.3,1.6527,1.6671,2.1311,2.3493,2.8735
1932,2.1351,1.9951,1.5223,2.683,3.5987,3.8154,1.7322,2.7661,2.3889,2.178,2.295,1.5831,1.7017,2.0168,2.142,2.9382
1933,2.2173,2.0533,1.6976,2.7257,3.6414,3.4676,1.7775,2.8284,2.6835,2.3472,2.2889,1.8036,1.7368,1.7283,2.1809,2.8801
1934,2.1379,2.0389,1.5586,2.5435,3.891,3.7207,1.864,2.7586,1.9793,2.106,2.0644,1.7597,1.927,1.6991,2.3156,2.9307
1935,2.2336,1.8234,1.9191,2.7123,3.8194,3.3102,1.7537,2.8031,2.2478,2.2786,2.2621,1.7692,1.955,2.1277,2.1971,2.8519
1936,1.9874,2.0348,2.2042,2.725,4.1819,3.2976,1.8957,2.7941,2.3122,2.2945,2.2219,1.8543,1.7481,1.8368,2.2999,2.679
1937,1.9758,2.0497,1.7546,2.4028,3.982,3.2264,2.2141,2.9045,2.3448,1.8053,2.1592,1.677,1.9895,1.7185,2.2555,2.6702
1938,2.1493,1.9092,2.0794,2.4636,4.1438,3.7128,1.9442,2.9717,2.4978,2.0281,2.1415,1.7113,2.06,1.6104,2.4506,2.7275
1939,2.1321,2.1288,1.7953,2.3757,3.9324,3.5183,1.9796,3.1367,2.4993,2.3802,2.2202,1.8616,1.8931,1.5997,2.3777,2.5216
1940,1.9744,2.1618,1.5739,2.6696,3.8677,3.7909,1.943,2.7185,2.8128,2.4384,2.0892,1.7252,1.8184,1.8662,2.2113,2.5508
1941,2.0272,2.0739,1.8672,2.6295,3.3259,3.6431,1.8136,2.7953,2.645,2.4246,2.2072,1.6555,1.98,1.9765,2.246,2.6145
1942,2.2663,2.0429,1.7795,2.6487,3.4954,3.6876,2.0272,2.7085,2.5083,2.5149,1.9433,1.7697,2.0989,1.5598,2.3795,2.6028
1943,2.2632,2.0876,1.6062,2.7239,3.8121,3.7552,2.0984,2.842,2.4853,2.2348,1.8789,2.0162,1.6735,1.4788,2.3097,2.5966
1944,2.3448,2.1707,1.5367,2.4933,3.5116,3.4227,1.881,2.7191,2.6607,2.5072,1.8255,1.8472,1.9056,1.6738,2.4564,2.6264
1945,2.0786,1.851,1.9409,2.4707,3.6865,3.666,1.8773,2.9039,2.7391,2.1803,1.9912,1.8436,2.1356,2.0561,2.2359,2.866
1946,1.9107,2.0259,1.8593,2.6191,3.9767,3.3784,2.0509,3.0238,2.7368,2.3083,1.9877,1.9312,1.8275,1.7952,2.1001,2.7368
1947,1.9993,1.9782,1.6313,2.5774,3.915,3.8167,1.6327,2.6875,2.7099,2.1735,1.9406,1.8142,1.8301,1.909,2.0254,2.7678
1948,2.3203,1.9735,1.9571,2.3959,3.4687,3.955,1.8631,2.856,2.7231,2.1136,1.9479,1.843,1.7063,1.5256,2.0759,2.6339
1949,2.4264,2.0525,1.858,2.3835,3.717,3.9501,1.7965,2.7274,2.3604,1.711,2.2355,1.9037,1.9128,1.6039,2.0909,2.5846
1950,2.1069,2.2481,1.5206,2.1438,3.5969,3.3261,1.9555,2.5687,2.539,2.0191,2.3346,1.8092,2.0979,1.6332,2.1092,2.4527
1951,2.2618,2.1902,1.8638,2.4378,3.6108,3.2193,2.024,2.6621,2.4775,1.7611,2.076,1.8984,1.6481,1.9694,2.2105,2.4806
1952,2.4522,1.8486,1.526,2.5022,3.48,3.4813,2.1562,2.636,2.531,2.0459,2.2044,1.9225,1.6384,2.2098,1.7493,2.398
1953,2.2344,2.1645,1.7654,2.6238,3.1941,3.5089,2.2376,2.7504,2.7035,1.9399,2.2627,1.8986,1.6795,2.0549,2.0449,2.4747
1954,2.155,2.01,1.7967,2.5095,3.1463,3.3676,2.2393,2.6471,2.6607,1.9241,2.5447,2.024,1.7262,1.8381,1.8122,2.3649
1955,2.1149,2.0791,1.7296,2.4077,3.2158,3.7181,1.771,2.8029,2.4756,2.0679,1.9852,1.9042,1.887,1.609,2.1096,2.5436
1956,2.3626,2.0802,2.0844,2.7082,3.2553,3.7466,1.5728,2.9344,2.117,2.0431,2.1242,1.8468,1.8871,1.5819,1.8417,2.6618
1957,2.4048,2.082,1.9113,2.7945,3.4472,3.8266,2.0226,2.7859,2.6681,2.2021,1.7831,1.8096,1.9335,1.6931,1.7793,2.4783
1958,2.3717,2.0915,1.8973,2.7554,3.3467,3.7617,1.9442,3.0067,2.4805,1.8649,1.9321,1.973,1.9023,1.9102,2.3873,2.8072
1959,2.2257,2.0309,1.5928,2.4056,3.3743,3.3751,1.819,2.9578,2.4753,1.8156,2.2961,1.9232,2.0724,1.8738,2.296,2.8568
1960,2.1666,2.4421,1.9215,2.4688,3.3327,3.2957,1.6648,2.7639,2.5961,1.9075,2.294,1.8421,1.8442,1.9599,2.0261,2.8682
1961,2.3776,2.1301,1.998,2.3126,3.188,3.6198,1.7749,2.7595,2.4074,2.0754,2.2295,1.917,1.8944,2.2465,2.0231,2.7859
1962,2.2559,2.1067,2.4055,2.8522,3.131,3.5395,1.5473,2.7738,2.5308,1.6648,2.0934,1.9796,1.7951,2.111,2.3487,2.8317
1963,2.081,2.1042,2.4446,2.6582,3.2208,3.5104,1.9101,2.7785,2.4763,1.8303,1.8016,1.8079,2.1231,2.3157,2.3769,2.7367
1964,2.4526,2.167,2.118,2.8283,3.0765,3.6461,2.1059,2.6861,2.3566,2.0666,2.2358,2.024,2.1112,2.0936,2.2165,2.7251
1965,2.4063,2.1607,2.0335,2.9029,3.6749,3.7085,2.1063,2.66,2.2087,2.1188,2.2022,2.0444,2.1844,2.0796,2.5729,2.8571
1966,2.414,1.9373,1.924,2.8039,3.5556,3.5526,2.1636,2.8485,2.6132,1.8306,2.2408,1.9902,2.1367,1.7004,2.4593,3.0365
1967,2.4165,1.9612,2.1446,2.9481,3.488,3.7966,2.1979,3.1421,2.5292,2.0037,2.0073,1.9638,2.0764,1.9254,2.7081,3.1284
1968,2.4407,1.9984,1.8877,2.7413,3.3666,3.7483,1.9232,2.911,2.3688,1.8657,1.9814,2.0254,1.9299,1.7794,2.6398,2.9916
1969,2.2901,1.9389,1.9911,2.5199,3.6332,3.6885,1.778,2.5051,2.5388,2.1289,2.1917,1.9942,2.1595,2.3802,2.5266,3.035
1970,2.3748,1.8996,1.9925,2.6085,3.4245,3.739,2.0067,2.6699,2.6296,2.1845,1.8428,1.8708,1.9456,2.2058,2.1848,2.9674
1971,2.2197,2.0963,2.1939,2.8717,3.4677,3.7557,2.1557,2.7933,2.6565,2.1669,1.8257,1.7046,1.8996,2.6957,2.1907,3.0057
1972,2.1687,2.0287,2.2905,2.6337,3.47,3.6426,1.9951,2.7895,2.439,2.3194,2.2102,1.5376,2.0788,2.1971,2.4149,3.0676
1973,2.151,2.0442,1.7302,2.7113,3.4374,3.6804,1.9309,2.7132,2.4066,1.8922,2.0795,1.5923,1.9042,2.2483,2.4369,3.2149
1974,2.4152,1.7526,1.8201,2.8043,3.2219,3.9187,2.3036,2.8061,2.4002,2.3969,2.2389,1.6929,1.695,2.0112,2.3656,3.1425
1975,2.2382,1.9568,1.5669,2.6362,3.2919,3.6972,2.2056,2.818,2.4062,2.2459,2.2025,1.7103,1.9347,2.071,2.5042,2.8219
1976,2.4224,1.9171,1.9014,2.4561,3.3115,3.5163,2.271,2.6764,2.6175,1.8637,2.2148,1.7374,2.2108,2.155,2.5174,2.5357
1977,2.4772,1.8849,1.7165,2.3051,3.1921,3.6679,2.1233,2.4895,2.4825,1.9054,2.1046,1.8565,1.9329,2.2428,2.4382,2.8182
1978,2.2743,2.0662,1.8205,2.4179,3.2524,3.5994,2.3632,2.879,2.3704,2.1135,2.0424,1.856,2.1196,2.6237,2.3836,2.7505
1979,2.1551,1.9969,1.7151,2.7091,3.3789,3.6487,2.2779,2.8607,2.4753,2.1097,1.9796,1.4691,1.9042,2.622,2.4118,2.6953
1980,2.4847,1.9218,1.787,2.5845,3.2781,3.4634,2.4743,2.6185,2.3627,1.6289,1.979,1.5666,1.9095,2.1196,2.4111,2.9086
1981,2.2123,2.1613,1.912,2.5106,2.9358,3.5301,2.409,2.5702,2.3528,2.1491,2.1118,1.5755,1.8159,2.1983,2.3814,2.8373
1982,2.1684,2.0535,2.1322,2.4536,3.14,3.4084,2.3942,2.479,2.3581,1.8824,1.9863,1.7401,1.8624,2.1478,2.3034,2.7709
1983,2.7181,1.9897,2.2697,2.6498,3.5519,3.6205,2.3227,2.7517,2.3838,2.0436,1.8328,1.484,1.8794,2.0587,2.2959,2.8251
1984,2.5851,2.061,2.0349,2.5724,3.3973,3.5974,2.3108,2.6153,2.1833,1.9345,1.9395,1.545,1.9268,2.3523,2.2374,3.0921
1985,2.413,2.0626,2.0117,2.5835,3.1507,3.7549,2.2141,2.8056,2.1971,2.0307,1.8598,1.4959,1.7636,1.7707,2.2961,2.8689
1986,2.1657,2.0707,2.178,2.4726,3.1824,3.6108,2.2141,2.5348,2.43,1.7816,2.0384,1.607,1.7853,1.9287,2.4269,2.8893
1987,2.2781,2.2184,1.7233,2.3478,2.952,3.6257,2.0185,2.6169,2.5438,1.7106,1.9379,1.5611,1.8629,2.1414,2.268,2.8508
1988,2.5062,2.0528,1.8995,2.5682,2.8971,3.3308,2.1577,2.8591,2.6418,1.5254,2.0559,1.5395,1.8315,2.0815,2.081,2.8984
1989,2.391,2.1154,1.9412,2.7352,3.1041,3.5851,2.077,2.6456,2.2039,1.6148,1.9977,1.8333,1.4448,1.6932,1.992,2.8766
1990,2.4304,2.0583,1.7234,2.1606,2.7857,3.4231,2.2222,2.4084,2.4915,1.5547,1.8675,1.5416,1.5261,1.4448,2.1649,2.5847
1991,2.1953,1.7616,1.6941,2.1759,2.5675,3.4942,1.8915,2.5292,2.508,1.92,2.0709,1.6867,1.7261,1.8394,1.9167,2.7198
1992,2.6224,2.1568,2.1374,2.4459,2.58,3.8871,2.3825,2.8286,2.4691,1.7107,2.1363,1.7793,1.8783,1.9106,2.3102,2.7226
1993,2.5833,1.8973,2.0938,2.3878,3.1716,3.7331,2.6449,2.9259,2.7129,1.45,2.0274,1.8546,1.85,1.7097,2.2958,2.6417
1994,2.2322,2.0838,1.9385,2.265,2.7084,3.6579,2.2594,2.6313,2.4586,1.6725,1.8625,1.8111,1.6201,1.7133,2.3986,2.814
1995,2.131,1.8636,1.8603,2.4021,2.4805,3.6998,2.3872,2.6707,2.4425,1.4732,1.9979,1.6727,1.7903,1.9294,2.4544,2.566
1996,1.9718,1.6192,2.0862,2.3201,2.3771,3.6303,1.9938,2.6499,2.3893,1.2384,2.1978,1.9371,1.5871,1.9082,2.0607,2.5818
1997,1.816,1.8952,1.4651,2.1786,2.5373,3.5742,2.2325,2.7152,2.5095,0.959,2.1056,1.7693,1.5129,1.7937,1.931,2.5485
1998,2.0128,1.7227,1.9866,1.9348,2.5107,3.6709,1.9632,2.905,2.6675,1.0938,2.0733,1.7306,1.4196,1.5467,2.129,2.5766
1999,2.2483,1.7119,1.6308,1.7401,2.4648,3.235,1.8016,2.4881,2.3415,1.2077,1.8014,1.6575,1.4559,1.6012,1.8857,2.5762
2000,1.9091,1.9351,1.9744,2.1206,2.5115,3.3178,1.7922,2.5055,2.3502,1.3432,2.0589,1.6221,1.559,1.7617,1.7435,2.5212
2001,2.0689,1.775,1.8719,2.2852,2.8694,3.3042,1.7833,2.3347,2.0837,1.0286,1.9601,1.6205,1.3909,1.8164,2.0016,2.7447
2002,1.7255,1.4632,1.4109,1.9923,2.6737,3.3558,1.9956,2.7082,1.9638,1.4728,1.7243,1.5428,1.496,1.4236,1.9524,2.7035
2003,1.9979,1.5296,1.392,1.7556,2.297,3.2601,1.8645,2.6155,1.9784,1.0076,1.7611,1.4503,1.5719,1.574,2.1746,2.5395
2004,1.8814,1.2414,1.2797,1.9843,2.1504,3.3116,1.7265,2.3349,2.2892,1.3576,1.745,1.2612,1.6461,1.179,2.0795,2.515
2005,2.035,1.6443,1.5161,1.9763,2.2513,3.2998,1.8423,2.6406,2.2025,0.8851,1.7501,1.1915,1.6581,1.3967,1.8649,2.5427
2006,2.217,1.4343,1.2859,2.1572,2.3532,3.1415,1.8216,2.6682,2.1725,1.2711,1.6901,1.0212,1.5104,0.9778,1.821,2.5061
2007,2.1477,1.2223,1.1387,2.0583,1.9372,3.3853,1.6399,2.4478,2.0636,0.896,1.7756,1.0603,1.4934,0.9506,1.7368,2.4841
2008,1.9077,1.5252,1.061,1.6246,1.7509,3.2751,1.5652,2.7655,1.8685,0.965,1.8728,1.1319,1.4092,0.8455,1.5734,2.3318
2009,2.0658,1.1834,1.3218,1.6899,1.6838,3.2179,1.5797,2.5659,1.9176,1.2969,1.9453,1.1331,1.2286,0.5641,1.6857,2.3126
2010,2.1108,1.4055,1.6273,1.9083,1.6969,3.4434,1.7986,2.5885,2.0273,1.1296,1.6654,1.0231,1.1741,1.4645,1.4694,2.4702
2011,1.6726,1.0232,1.4664,2.0821,1.6475,3.1886,1.7182,2.6462,2.2892,1.2518,1.7041,1,1.2883,1.4399,1.5633,2.1316
2012,1.5071,1.5242,1.3161,1.8749,1.7207,3.0648,1.6327,2.7373,2.3191,1.0394,1.6679,1.0582,1.327,1.1116,1.5781,2.5665
2013,1.5728,1.4452,1.3712,1.5609,1.7333,3.2323,1.7233,2.6677,2.0707,1.0141,1.4092,1.0822,1.2537,0.95,1.4921,2.4219
2014,1.6123,1.3598,1.1864,1.5593,1.7711,3.1941,1.9802,2.6023,1.9737,1.4282,1.4017,1.1464,1.2888,0.6883,1.2851,2.2569
2015,1.6433,1.4467,1.2935,1.6668,1.6101,3.3715,1.694,2.5402,1.8802,0.9368,1.3905,1.3475,1.3205,0.8545,1.6668,2.0603
2016,1.8405,1.1741,1.4328,1.2706,2.1959,3.2955,1.6701,2.561,1.9401,0.625,1.5662,1.2102,1.3934,0.7357,1.7263,1.9111
2017,1.6212,0.964,1.5341,1.37,1.9512,3.3367,1.4309,2.2535,2.1063,0.6165,1.6191,1.3695,1.5158,0.7223,1.7478,2.0019
2018,1.366,0.5436,1.2694,1.1012,1.7484,3.2845,1.7142,2.4386,2.1127,1.0283,1.5149,0.8532,1.3845,0.5045,1.7015,2.2446
2019,1.1296,1.3893,1.1586,1.3416,1.8154,3.3475,1.7115,2.4276,2.319,1.02,1.3697,1.085,1.1421,0.2524,1.5474,2.1911
2020,1.1707,1.4204,1.3114,1.1779,1.9224,3.252,1.8362,2.2935,2.2869,1.0168,1.4017,1.2004,1.1645,0.9543,1.5017,2.3346
2021,0.7028,1.2499,1.0903,1.2174,1.6353,3.2138,1.6232,2.2644,1.9334,0.4576,1.4971,1.33,1.2701,0.8002,1.2061,2.5182
2022,0.9452,1.3443,1.3306,1.1822,0.9806,3.132,1.193,2.2629,2.1243,0.627,1.5439,1.094,0.9985,0.1363,1.093,2.4508
2023,0.9319,1.049,1.5556,1.2497,1.0685,3.1596,1.3996,2.3234,1.8949,0.567,1.7072,1.0308,1.0149,0.3087,0.8083,2.2552
2024,0.7557,1.2314,1.2786,1.0791,1.2025,3.045,1.6197,2.3714,1.7785,0.6381,1.4192,0.9625,1.1863,0.4627,0.9502,1.9892
2025,0.8742,1.2899,1.0174,1.2667,0.7445,3.0729,1.1832,2.4276,1.7987,0.5992,1.1499,1.2596,1.0795,0.4878,1.0579,2.0643
2026,0.5775,1.3787,1.1551,0.9577,0.8183,2.6445,1.3483,2.177,1.8591,0.4932,1.1318,1.1474,1.0804,0.8147,1.5415,2.0378
2027,0.2805,1.3844,0.6754,0.7106,0.9621,3.0436,1.4221,2.1142,1.7206,0.6593,1.0713,1.2218,1.08,0.4036,1.7752,2.0835
2028,0.3253,1.1934,0.7901,0.6134,0.7048,2.9477,1.5899,2.458,1.4931,0.4049,0.8783,1.2907,0.9946,0.1849,1.4679,1.9073
2029,0.4923,1.118,0.9139,0.7019,0.3276,3.1122,1.5289,2.2297,1.4662,0.1821,0.8742,0.9993,0.8746,0.9006,1.6484,2.1282
2030,0.6926,1.1736,0.9595,0.5572,0.7558,3.0246,1.3087,2.2014,1.645,0.2472,0.9247,0.9352,1.0133,0.4296,0.9557,2.053
2031,0.5011,1.0256,1.0474,0.6481,0.9321,3.1007,1.1908,2.505,1.5518,0.2697,1.0615,0.9285,0.7933,0.4243,1.3201,1.9268
2032,0.5044,1.1897,0.7401,0.583,0.7176,3.0144,1.3837,1.9795,1.5557,0.5578,1.0025,0.9815,0.8185,0.351,1.0502,2.2087
2033,0.7878,0.5739,0.7402,0.4092,0.8181,3.0901,1.4301,2.2957,1.9379,0.3666,1.0232,0.7995,0.9228,0.2554,0.8653,2.2257
2034,0.2393,0.3853,1.0889,0.4209,0.804,2.9233,1.1991,1.8286,2.027,0.459,0.8882,0.7687,0.8979,0.0627,0.926,2.0253
2035,0.1772,0.4515,1.0111,0.4371,1.0947,2.8671,1.0902,2.2578,1.7514,0.7376,1.1556,0.5619,0.8193,0.2486,0.6132,1.7468
2036,0.543,0.4714,0.8541,0.4634,0.6329,2.8926,1.2732,1.9361,1.6432,0.5729,0.917,0.5892,0.9991,0.1467,0.9226,1.9702
2037,0.0908,0.3023,0.8152,0.2135,1.0092,2.8978,1.1777,2.1755,1.4679,0.7091,0.7791,0.4392,0.8397,0.1225,0.7992,1.7555
2038,0.1926,0.3333,1.0494,0.3326,0.8697,2.8179,0.9691,1.8956,1.3047,0.4471,0.8721,0.5125,0.5422,0.0287,0.7934,1.7098
2039,0.273,0.3248,0.8486,0.4072,0.4782,2.9173,0.8327,1.9215,1.5048,0.4676,1.0125,0.1415,0.7889,0.0131,0.8109,1.5144
2040,0.2971,0.1399,0.5049,0.2211,0.1322,2.827,0.8695,2.2355,1.3783,0.4969,0.8926,0.2538,0.7279,0.0165,1.0408,1.7972
2041,0.2147,0.1452,0.8456,0.2185,0.1051,2.8059,0.8897,2.1588,1.2242,0.2644,0.7682,0.4458,0.6049,0.1024,0.7424,1.718
2042,0.1522,0.2501,0.7639,0.1445,0.0415,2.7412,0.9294,2.0325,1.578,0.0456,0.9136,0.5362,0.4551,0.0121,0.7295,1.6897
2043,0.0208,0.4015,0.4761,0.0629,0.1223,2.7664,0.7609,2.151,1.4059,0.0671,0.8519,0.6081,0.3903,0.0071,0.974,1.5391
2044,0.0846,0.1328,0.8234,0.0979,0.074,2.7174,0.9758,1.8366,1.5785,0.0379,0.7428,0.6627,0.5,0.0051,0.8584,1.2495
2045,0.0538,0.2515,0.6118,0.1577,0.0171,2.6258,0.7821,1.9561,1.2215,0.0014,0.5801,0.4929,0.6977,0.0054,1.2476,1.2259
2046,0.1372,0.0783,0.2637,0.0493,0.0014,2.4414,1.1436,1.9682,1.3784,0.0305,0.7745,0.3313,0.4601,0.0089,0.69,1.2279
2047,0.0788,0.146,0.3688,0.0404,0.0101,2.5717,0.8156,1.8499,1.411,0.0369,0.7178,0.0523,0.3286,0.0026,0.9742,1.1812
2048,0.0324,0.1825,0.1032,0.0037,0.0016,2.3256,0.8274,1.8229,1.4091,0.0382,0.6374,0.0724,0.5187,0.0042,0.7654,1.4317
2049,0.1943,0.1001,0.4812,0.0351,8e-04,2.2378,0.562,1.4923,1.3033,0.0287,0.5714,0.4925,0.5976,0.0075,0.5023,1.1996
2050,0.0099,0.0582,0.3301,0.0315,0.0422,1.9882,0.6014,1.6157,1.2722,0.0209,0.4244,0,0.534,0.0054,0.5926,1.0566
2051,0.0279,0.0838,0.2531,0.0133,0.0086,2.0673,0.508,2.0207,1.2803,0.0385,0.2866,0.0114,0.512,0.0066,0.7344,1.4964
2052,0.0169,0.0439,0.2873,0.007,0.0982,1.8949,0.4105,1.7856,1.2321,0.1148,0.2833,0.1258,0.3598,0.01,0.2996,0.868
2053,0.0372,0.0865,0.3569,0.0368,4e-04,1.8395,0.6969,2.0254,1.512,0,0.3775,0.0573,0.4241,0.0022,0.2534,0.9155
2054,0.0293,0.0259,0.3351,0.0284,5e-04,1.8879,0.6248,2.0053,1.4566,0,0.1849,0.119,0.4097,0.0038,0.4148,1.2204
2055,0.0117,0.041,0.7086,0.0232,0.0162,2.0817,0.8545,1.6203,1.4048,0.0039,0.0525,0.1228,0.3011,0.003,0.2413,1.2061
2056,0.0052,0.0231,0.1985,0.0374,0.0054,1.6795,0.8044,1.5512,1.5054,0,0.0769,0.3256,0.2716,0.0034,0.2246,1.6032
2057,0.005,0.0086,0.341,0.0246,0.0038,1.8217,0.6919,1.4056,1.4033,0.0043,0.0758,0.097,0.256,0.006,0.1589,1.2787
2058,0.0063,0.0629,0.2449,0.0173,0.0141,2.0304,0.7181,1.6968,1.1381,0.0138,0.0886,0.0068,0.0578,0.034,0.3054,0.8715
2059,0.0013,0.0656,0.0788,0.0146,0.0024,1.9701,0.5265,1.8512,0.9252,0.0089,0.1773,0.2046,0.0519,0.0066,0.2698,0.6842
2060,0.0066,0.007,0.1269,0.0221,0.0018,2.2399,0.7924,1.7775,0.973,0,0.4517,0.025,0.1206,0.0026,0.1454,0.8415
2061,0.0116,0.0194,0.0507,0.0135,0.0238,1.8935,0.4589,1.8656,1.1794,4e-04,0.2247,0.0442,0.0428,0.006,0.1924,0.8067
2062,0.0021,0.0561,0.3578,0,0.0157,1.7505,0.2749,1.6478,1.0647,0.0018,0.0307,0,0.0077,0.0076,0.1145,0.5793
2063,8e-04,0.0162,0.4067,0.0069,2e-04,1.6267,0.4249,1.8707,1.0765,0,0.0153,0,0,0.0064,0.1845,0.4129
2064,0.0106,0.0416,0.1986,0.0018,1e-04,1.5484,0.5342,1.5571,1.6049,2e-04,0.0346,0,0.0644,0.0713,0.2279,0.7546
2065,0.0392,0.0319,0.0051,0.0019,5e-04,1.8439,0.3942,1.5516,1.6563,5e-04,0.0593,4e-04,0,0.0138,0.1189,0.7163
2066,0.0198,0.0247,0.022,0.0065,0.0148,1.6078,0.1401,1.1542,1.3595,0,7e-04,1e-04,0.0115,0.0024,0.2393,0.3896
2067,0.0069,0.1014,0.1069,2e-04,0.0014,1.7672,0.2841,1.2566,1.3851,2e-04,3e-04,0.0033,0,0.003,0.2375,0.3674
2068,0.0032,0.0735,0.1829,3e-04,2e-04,1.6251,0.2721,1.4616,1.4333,0.0013,0.0029,0,0.1758,0.0136,0.1586,0.3014
2069,0.0042,0.0247,0.2141,3e-04,0,1.457,0.1844,1.4958,1.4081,2e-04,0.0022,0.0266,0,0.0124,0.1527,0.4495
2070,0.0078,0.0156,5e-04,0.0039,0.002,1.4213,0.0098,1.5751,1.2008,0,4e-04,0.0285,0,0.0035,0.1868,0.3712
2071,0.0029,0.0319,0.035,0.0027,0.0043,1.4442,0.0203,1.6176,1.2058,0,1e-04,0,0.0018,0.0019,0.0906,0.4086
2072,0.0048,0.0043,0.0731,0,5e-04,1.3758,0.0466,1.3177,1.2149,0,2e-04,0,0,0.0032,0.0348,0.1805
2073,0.0317,0.036,0.0018,0,0.0014,1.4798,0.0324,1.4995,0.959,0,0,0,0,0.0029,0.0086,0.3682
2074,0.005,0.0089,0.0706,0,0,1.0045,0.0425,1.4149,0.6661,0,0,0,0.0097,0.0042,0.0488,0.1507
2075,0.0015,0.0094,0.1407,0,0,1.6585,0.309,1.247,0.7229,4e-04,6e-04,0,0,0.0021,0.0611,0.4763
2076,0.0033,0.0106,0.002,0,0,1.3232,0.0759,1.2197,1.063,0,0,0,0,0.0057,0.0777,0.2827
2077,0,0.0029,0.0016,0,2e-04,1.3481,0.2027,1.4184,1.0378,0,0,0,0,0.0071,0.0024,0.156
2078,0.002,0.0204,8e-04,1e-04,3e-04,0.9271,5e-04,1.3918,0.6937,0,0,0,0,0.0016,0.0201,0.1681
2079,0.0038,0.0016,0.0018,0,0,1.1612,0.0018,1.1086,0.9287,0,0,0,0.0058,0.0014,0.062,0.1321
2080,0.001,0.0102,0.0018,0,1e-04,1.0842,0.1254,1.1739,0.6374,0,0,0,0,0.0027,0.0562,0.1187
2081,0.0063,0.0084,0,0,1e-04,1.1245,0.0619,1.5103,0.5224,0,0,0,0,0.0026,3e-04,0.0906
2082,0.0022,0.0051,0,0,0,1.0153,0.0167,1.385,0.6418,0,0,0,0,0.0021,5e-04,0.1017
2083,7e-04,0.0092,0,0,0,1.0451,4e-04,1.1597,0.6924,0,0,0,0,0.0018,0.0203,0.0507
2084,0.0015,0.0031,0.0657,0,0,0.6835,6e-04,1.3928,0.6993,0,0,0,0,0.0017,0.0698,0.0451
2085,0,8e-04,0.0036,0,0,0.6715,0.0014,0.8793,0.7601,0,0,0,0,0.0022,0.0097,0.0685
2086,0,0.0059,0.0287,0,0,0.6131,3e-04,1.1326,1.0757,0,0,0,0,8e-04,0.0017,0.094
2087,9e-04,1e-04,3e-04,0,0,0.9443,4e-04,1.1718,0.8375,0,0,0,0,0.0014,0.0142,0.1025
2088,0.001,3e-04,0,0,0,0.8397,4e-04,1.0216,0.4476,0,0,0,0,0.0014,0.0039,0.0215
2089,3e-04,0.0033,0,4e-04,0,0.645,7e-04,1.1365,0.7815,0,0,0,0,0.0015,0.0123,0.0649
2090,0,0.0016,6e-04,0,0,0.5768,4e-04,1.0896,0.9067,0,0,0,0,0.0027,0.0247,0.0329
2091,0.0013,1e-04,0,0,0,0.6532,2e-04,0.7731,0.8921,0,0,0,0,0.0017,0.0072,0.0234
2092,0.0011,8e-04,7e-04,0,0,0.5994,3e-04,0.766,0.6117,0,0,0,0,0.0013,0.0043,0.0104
2093,3e-04,0.0022,0.0024,0,0,0.4829,3e-04,0.7563,0.2097,0,0,0,0,0.0021,0.0137,0.0034
2094,0,0.0018,0.0024,0,0,0.4554,4e-04,0.6131,0.4734,0,0,0,0,0.0019,5e-04,0.0042
2095,0,7e-04,0,0,0,0.9621,5e-04,0.8356,0.1535,0,0,0,0,0.0012,6e-04,0.046
2096,0,0.0019,0,0,0,0.842,0.0053,0.6633,0.2282,0,0,0,0,0.002,0.0012,0.0268
2097,8e-04,6e-04,0,0,0,0.6924,3e-04,0.6581,0.2012,0,0,0,0,0.0013,0.0018,0.0664
2098,0,4e-04,0,0,0,0.7298,3e-04,0.7956,0.183,0,0,0,0,9e-04,0,0.0166
2099,0,0.0019,0,0,0,0.7138,2e-04,1.0595,0.343,0,0,0,0,0.0014,0.0046,0.0167
2100,0,0.0011,0,0,0,0.4371,2e-04,1.0705,0.1452,0,0,0,0,0.0015,0.0043,0.0194
