"Figure 3. Rate of Temperature Change in the United States, 1901-2023",,
Source: EPA's Climate Change Indicators in the United States: www.epa.gov/climate-indicators,,
"Data source: NOAA, 2024",,
Web update: June 2024,,
Units: °F per century,,
,,
Climate Division,Temperature Change (1901-2000 denominator),Temperature Change (1925-2000 denominator)
101,0.275465083,
102,0.345807913,
103,-0.085551801,
104,0.390924275,
105,0.323924194,
106,0.131103473,
107,0.081252445,
108,0.643172838,
201,2.333432219,
202,1.810974535,
203,2.581182581,
204,2.345782117,
205,3.002960106,
206,2.909954298,
207,1.868451544,
301,0.625738952,
302,0.878465818,
303,0.791909043,
304,0.513396792,
305,0.324020929,
306,0.514562992,
307,0.330093769,
308,0.014865022,
309,0.631935398,
401,1.986350621,
402,1.749886067,
403,1.98051962,
404,2.698297025,
405,2.044805734,
406,3.435738608,
407,2.865085149,
501,1.527727619,
502,2.771337701,
503,2.363146139,
504,2.233235738,
505,1.649802445,
601,2.856696031,
602,2.977556289,
603,3.259900341,
701,2.741516297,
702,2.854283018,
801,0.657129621,
802,1.469245635,
803,2.239351571,
804,2.372636967,
805,2.573803812,
806,2.931133998,
807,2.947912233,
901,0.336865254,
902,0.461928132,
903,0.663417429,
904,0.709828972,
905,0.938146247,
906,1.107540855,
907,0.841453741,
908,0.88985911,
909,1.189534939,
1001,1.705618828,
1002,1.877813391,
1003,1.919398907,
1004,1.895150542,
1005,1.38639168,
1006,1.364620818,
1007,1.958662771,
1008,1.921129398,
1009,1.452413658,
1010,1.563218799,
1101,1.607572025,
1102,1.782550421,
1103,0.84943442,
1104,1.717060488,
1105,1.775692949,
1106,1.173320994,
1107,1.274130133,
1108,1.166544135,
1109,0.799040599,
1201,1.871020409,
1202,1.861776795,
1203,1.956486223,
1204,1.237504998,
1205,1.012331626,
1206,1.327635612,
1207,1.092729575,
1208,0.888972368,
1209,1.154242604,
1301,1.434275752,
1302,1.247011948,
1303,1.117837811,
1304,1.247447258,
1305,0.888848762,
1306,1.174111001,
1307,0.889262575,
1308,0.640453496,
1309,0.739730989,
1401,1.832895874,
1402,1.306966461,
1403,1.193802049,
1404,1.83965661,
1405,1.56757727,
1406,1.234705043,
1407,1.44476618,
1408,1.193791301,
1409,0.696887912,
1501,0.466496197,
1502,0.865256048,
1503,1.136394904,
1504,0.460090157,
1601,0.594009708,
1602,0.781547596,
1603,0.847612568,
1604,0.617183234,
1605,0.285101013,
1606,0.548839604,
1607,0.175359964,
1608,0.635890805,
1609,0.905562506,
1701,2.847506159,
1702,3.040332254,
1703,3.13885736,
1801,2.63202246,
1802,2.4791535,
1803,2.23628828,
1804,2.468657698,
1805,2.35249986,
1806,2.567048449,
1807,1.800596966,
1808,1.238284256,
1901,2.690456076,
1902,2.88839303,
1903,3.257885018,
2001,2.593231525,
2002,2.521007726,
2003,3.240649977,
2004,2.928285675,
2005,2.322834307,
2006,2.550479808,
2007,2.717536641,
2008,2.058853878,
2009,2.194536164,
2010,2.573422244,
2101,2.676966848,
2102,3.014880069,
2103,2.806157107,
2104,2.246864695,
2105,2.40563452,
2106,2.824004807,
2107,1.599371004,
2108,1.402643244,
2109,1.728324799,
2201,0.32935213,
2202,0.009189872,
2203,0.066758243,
2204,0.605263271,
2205,0.244859046,
2206,-0.030783386,
2207,0.41847777,
2208,0.352960966,
2209,0.21314055,
2210,0.778994854,
2301,1.022542596,
2302,1.042566844,
2303,1.065283564,
2304,0.759056592,
2305,0.714724863,
2306,0.497440809,
2401,1.994250687,
2402,1.95536839,
2403,2.512564867,
2404,1.738600259,
2405,1.789316531,
2406,2.545406569,
2407,1.955389887,
2501,2.293158006,
2502,1.488049941,
2503,1.226305177,
2505,1.154866011,
2506,1.567991083,
2507,1.558817333,
2508,1.006828451,
2509,1.256900466,
2601,1.917491068,
2602,1.52001565,
2603,2.787347427,
2604,2.349538679,
2701,2.741682897,
2702,2.862924723,
2801,3.398054757,
2802,3.165233906,
2803,3.580438792,
2901,1.691753406,
2902,1.625941021,
2903,1.655278749,
2904,1.414858788,
2905,2.333168883,
2906,2.550662531,
2907,2.711711015,
2908,1.920801572,
3001,1.482917586,
3002,1.876614945,
3003,2.327429243,
3004,3.662970296,
3005,2.779377496,
3006,1.571151109,
3007,2.569375476,
3008,3.217234612,
3009,2.267915414,
3010,1.727395063,
3101,0.696705189,
3102,1.383038183,
3103,1.440456076,
3104,1.196456901,
3105,1.199616927,
3106,1.218018169,
3107,1.257443259,
3108,1.259662802,
3201,2.550039124,
3202,2.516831977,
3203,2.438540713,
3204,2.376732103,
3205,2.286241417,
3206,2.130438147,
3207,2.259257587,
3208,2.131695709,
3209,1.979073962,
3301,1.936166394,
3302,1.387901829,
3303,2.478191519,
3304,1.535439588,
3305,1.348422996,
3306,1.606755147,
3307,1.804557747,
3308,1.69289811,
3309,1.156231056,
3310,1.234651301,
3401,1.058404595,
3402,0.973298853,
3403,0.328476136,
3404,1.194887636,
3405,0.432896734,
3406,0.02271672,
3407,0.996972179,
3408,0.35797509,
3409,0.402887232,
3501,1.904421027,
3502,1.756189997,
3503,2.231295654,
3504,1.806255992,
3505,2.384476317,
3506,2.200587507,
3507,2.539005903,
3508,2.118416074,
3509,2.250288057,
3601,2.396299545,
3602,2.450745508,
3603,2.756074989,
3604,2.367370256,
3605,1.583458015,
3606,1.440687166,
3607,1.183806047,
3608,1.438000069,
3609,1.159487818,
3610,2.134560154,
3701,3.454306449,
3801,0.920578005,
3802,1.192211288,
3803,0.942316622,
3804,1.099318337,
3805,0.979995099,
3806,0.891369259,
3807,1.216185569,
3901,2.14012782,
3902,1.534144407,
3903,1.737020246,
3904,2.020987304,
3905,2.152472344,
3906,1.755109784,
3907,1.668510015,
3908,1.954272055,
3909,1.450887387,
4001,0.504352023,
4002,0.562361077,
4003,0.645741703,
4004,0.715052689,
4101,1.702765131,
4102,1.152909804,
4103,0.750070939,
4104,0.633295069,
4105,2.291035199,
4106,0.87271543,
4107,1.366947845,
4108,1.62137833,
4109,1.340598169,
4110,1.179598053,
4201,1.909451273,
4202,2.129723379,
4203,1.889056205,
4204,2.213361967,
4205,2.145109698,
4206,2.950696066,
4207,2.949658846,
4301,2.655900006,
4302,2.80817243,
4303,2.869303891,
4401,1.623678486,
4402,1.557479159,
4403,1.463624228,
4404,2.171717335,
4405,1.334863904,
4406,0.945653996,
4501,1.480268108,
4502,1.471029868,
4503,1.414767426,
4504,1.566378825,
4505,1.672164468,
4506,1.815752194,
4507,1.53495591,
4508,1.77798773,
4509,1.575434342,
4510,2.121909301,
4601,1.254525072,
4602,1.36621158,
4603,0.68285589,
4604,1.177797698,
4605,0.674794598,
4606,1.461345569,
4701,2.189108228,
4702,2.072837532,
4703,2.516348299,
4704,1.902620672,
4705,2.110322538,
4706,2.400340939,
4707,1.33675562,
4708,1.710837171,
4709,1.639516237,
4801,1.817235471,
4802,1.385832764,
4803,2.092877903,
4804,2.124951095,
4805,1.990542493,
4806,2.142745053,
4807,2.083317211,
4808,2.646624146,
4809,2.055666981,
4810,2.679191764,
5001,,4.171315193
5002,,3.561337868
5003,,3.820140177
5004,,2.840280355
5005,,2.284415584
5006,,2.620655535
5007,,3.483477633
5008,,2.677375799
5009,,2.011410019
5010,,0.103710575
5011,,1.407874665
5012,,1.56723356
5013,,1.912914863
