year,season,scenario,snc_mile2
1981,1,rutgers,4490859.01395901
1981,2,rutgers,3434102.25720226
1981,3,rutgers,847720.879120879
1981,4,rutgers,1988929.72972973
1982,1,rutgers,5389298.69319869
1982,2,rutgers,3827744.55004455
1982,3,rutgers,410552.598752599
1982,4,rutgers,1931891.17909118
1983,1,rutgers,4898997.98676227
1983,2,rutgers,3403081.46718147
1983,3,rutgers,361203.326403326
1983,4,rutgers,2315371.57707158
1984,1,rutgers,5370379.26937927
1984,2,rutgers,3275776.83397683
1984,3,rutgers,296008.345708346
1984,4,rutgers,2091275.40837541
1985,1,rutgers,5393415.59251559
1985,2,rutgers,3698241.43154143
1985,3,rutgers,674740.362340362
1985,4,rutgers,2290622.72052272
1986,1,rutgers,5323477.9031779
1986,2,rutgers,3377504.54410454
1986,3,rutgers,671924.561924562
1986,4,rutgers,2366758.8951589
1987,1,rutgers,5005902.07900208
1987,2,rutgers,3268881.22958123
1987,3,rutgers,634722.156222156
1987,4,rutgers,1634184.76388476
1988,1,rutgers,5166804.03920404
1988,2,rutgers,3292543.8966439
1988,3,rutgers,426975.438075438
1988,4,rutgers,1844709.38520939
1989,1,rutgers,5004271.09762824
1989,2,rutgers,3249615.26581527
1989,3,rutgers,297483.754083754
1989,4,rutgers,2292197.74279774
1990,1,rutgers,5104328.42292842
1990,2,rutgers,3209827.53192753
1990,3,rutgers,291093.317493318
1990,4,rutgers,2034544.66884467
1991,1,rutgers,5113944.10454411
1991,2,rutgers,3188434.86783487
1991,3,rutgers,431097.148797149
1991,4,rutgers,2400871.36917137
1992,1,rutgers,4862524.35402435
1992,2,rutgers,3341613.8996139
1992,3,rutgers,503556.014256014
1992,4,rutgers,2235101.57410157
1993,1,rutgers,5498629.78912979
1993,2,rutgers,3358718.44371844
1993,3,rutgers,279441.342441342
1993,4,rutgers,2144085.98158598
1994,1,rutgers,5066333.75620519
1994,2,rutgers,3165875.37867538
1994,3,rutgers,297828.304128304
1994,4,rutgers,2242850.04455004
1995,1,rutgers,5116138.43183843
1995,2,rutgers,3348820.84942085
1995,3,rutgers,379899.792099792
1995,4,rutgers,2321994.32729433
1996,1,rutgers,5168729.43272943
1996,2,rutgers,3677063.26106326
1996,3,rutgers,377289.812889813
1996,4,rutgers,2558683.04128304
1997,1,rutgers,5270766.46866647
1997,2,rutgers,3937259.31095931
1997,3,rutgers,504363.676863677
1997,4,rutgers,2202683.42738343
1998,1,rutgers,5149532.52153252
1998,2,rutgers,3395071.30977131
1998,3,rutgers,331623.017523018
1998,4,rutgers,1847834.21443421
1999,1,rutgers,5057921.74042174
1999,2,rutgers,3536957.11315711
1999,3,rutgers,473182.892782893
1999,4,rutgers,1841870.98307098
2000,1,rutgers,4891963.04467733
2000,2,rutgers,3301386.66468666
2000,3,rutgers,469123.700623701
2000,4,rutgers,2511340.8969409
2001,1,rutgers,5466403.20760321
2001,2,rutgers,3449535.996436
2001,3,rutgers,505307.989307989
2001,4,rutgers,2139964.38966439
2002,1,rutgers,5094486.21918622
2002,2,rutgers,3699191.53549154
2002,3,rutgers,583123.166023166
2002,4,rutgers,2441584.67478467
2003,1,rutgers,5096210.06831007
2003,2,rutgers,3537161.83546184
2003,3,rutgers,525857.528957529
2003,4,rutgers,2283636.05583606
2004,1,rutgers,5399111.40481141
2004,2,rutgers,3539967.21116721
2004,3,rutgers,571953.549153549
2004,4,rutgers,2167006.56370656
2005,1,rutgers,5031965.69222284
2005,2,rutgers,3173432.07603208
2005,3,rutgers,439753.964953965
2005,4,rutgers,2260545.32224532
2006,1,rutgers,5008541.84734185
2006,2,rutgers,3244630.05643006
2006,3,rutgers,417357.38045738
2006,4,rutgers,2302840.74844075
2007,1,rutgers,5249343.3026433
2007,2,rutgers,3256212.47401247
2007,3,rutgers,430576.150876151
2007,4,rutgers,2187393.40659341
2008,1,rutgers,5461810.8999109
2008,2,rutgers,3648533.67983368
2008,3,rutgers,329020.047520048
2008,4,rutgers,2137903.32640333
2009,1,rutgers,5347449.53964954
2009,2,rutgers,3641154.11345411
2009,3,rutgers,370613.751113751
2009,4,rutgers,2089067.27056727
2010,1,rutgers,5660165.01336501
2010,2,rutgers,3066025.98752599
2010,3,rutgers,320796.02019602
2010,4,rutgers,2109906.47460647
2011,1,rutgers,5528934.08714837
2011,2,rutgers,3515252.15325215
2011,3,rutgers,266714.612414612
2011,4,rutgers,2410660.29106029
2012,1,rutgers,4934395.66379566
2012,2,rutgers,3072931.45233145
2012,3,rutgers,213173.715473715
2012,4,rutgers,2352821.41372141
2013,1,rutgers,5409577.60617761
2013,2,rutgers,3733035.13513514
2013,3,rutgers,346335.729135729
2013,4,rutgers,2402541.84734185
2014,1,rutgers,5457876.06177606
2014,2,rutgers,3545102.88090288
2014,3,rutgers,335632.283932284
2014,4,rutgers,2574105.1975052
2015,1,rutgers,5158244.49064449
2015,2,rutgers,3233436.14493615
2015,3,rutgers,283933.056133056
2015,4,rutgers,2230883.60558361
2016,1,rutgers,5230217.7012177
2016,2,rutgers,3203138.58033858
2016,3,rutgers,341959.667359667
2016,4,rutgers,2112346.98544699
2017,1,rutgers,5277476.36514065
2017,2,rutgers,3451229.87822988
2017,3,rutgers,404023.076923077
2017,4,rutgers,2583478.64567865
2018,1,rutgers,5251641.19394119
2018,2,rutgers,3691949.09414909
2018,3,rutgers,411977.160677161
2018,4,rutgers,2828611.88001188
2019,1,rutgers,5360218.88921889
2019,2,rutgers,3351718.05761806
2019,3,rutgers,266626.403326403
2019,4,rutgers,2533685.35788536
2020,1,rutgers,5156191.86219186
2020,2,rutgers,3599369.08226908
2020,3,rutgers,351578.22987823
2020,4,rutgers,2467340.3029403
2021,1,rutgers,5277520.46332046
2021,2,rutgers,3288024.47282447
2021,3,rutgers,393557.261657262
2021,4,rutgers,1942816.86961687
2022,1,rutgers,5147511.50027579
2022,2,rutgers,3400885.26878527
2022,3,rutgers,280283.961983962
2022,4,rutgers,2509693.25809326
2023,1,rutgers,5326110.98901099
2023,2,rutgers,3339259.07335907
2023,3,rutgers,288151.262251262
2023,4,rutgers,2272961.03356103
1850,1,historical,4969613
1850,2,historical,3189678
1850,3,historical,429618
1850,4,historical,1806336
1851,1,historical,4940284
1851,2,historical,3241943
1851,3,historical,408256
1851,4,historical,1767388
1852,1,historical,4783075
1852,2,historical,3215632
1852,3,historical,416196
1852,4,historical,1759781
1853,1,historical,4803821
1853,2,historical,3227232
1853,3,historical,414961
1853,4,historical,1862389
1854,1,historical,4819567
1854,2,historical,3146333
1854,3,historical,465177
1854,4,historical,1836566
1855,1,historical,4797430
1855,2,historical,3183576
1855,3,historical,419274
1855,4,historical,1779664
1856,1,historical,4747851
1856,2,historical,3251276
1856,3,historical,406954
1856,4,historical,1838781
1857,1,historical,4840188
1857,2,historical,3142771
1857,3,historical,442248
1857,4,historical,1847172
1858,1,historical,4852104
1858,2,historical,3195948
1858,3,historical,420052
1858,4,historical,1898190
1859,1,historical,4772370
1859,2,historical,3276491
1859,3,historical,442026
1859,4,historical,1820204
1860,1,historical,4799893
1860,2,historical,3293124
1860,3,historical,433834
1860,4,historical,1871366
1861,1,historical,4794989
1861,2,historical,3199098
1861,3,historical,436197
1861,4,historical,1842396
1862,1,historical,4829456
1862,2,historical,3254248
1862,3,historical,426965
1862,4,historical,1902716
1863,1,historical,4864110
1863,2,historical,3225119
1863,3,historical,439070
1863,4,historical,1845956
1864,1,historical,4855204
1864,2,historical,3219976
1864,3,historical,437588
1864,4,historical,1787796
1865,1,historical,4798015
1865,2,historical,3219860
1865,3,historical,436030
1865,4,historical,1776987
1866,1,historical,4759908
1866,2,historical,3180541
1866,3,historical,409948
1866,4,historical,1838997
1867,1,historical,4722725
1867,2,historical,3116348
1867,3,historical,449336
1867,4,historical,1833186
1868,1,historical,4841945
1868,2,historical,3110315
1868,3,historical,400038
1868,4,historical,1780944
1869,1,historical,4927979
1869,2,historical,3226096
1869,3,historical,419040
1869,4,historical,1856649
1870,1,historical,4811944
1870,2,historical,3304107
1870,3,historical,446641
1870,4,historical,1865959
1871,1,historical,4906238
1871,2,historical,3260192
1871,3,historical,442259
1871,4,historical,1796674
1872,1,historical,4800064
1872,2,historical,3215709
1872,3,historical,435560
1872,4,historical,1855509
1873,1,historical,4890854
1873,2,historical,3266016
1873,3,historical,425390
1873,4,historical,1828864
1874,1,historical,4788160
1874,2,historical,3173600
1874,3,historical,427760
1874,4,historical,1771571
1875,1,historical,4838216
1875,2,historical,3230736
1875,3,historical,441706
1875,4,historical,1836528
1876,1,historical,4712522
1876,2,historical,3167629
1876,3,historical,414850
1876,4,historical,1834218
1877,1,historical,4725787
1877,2,historical,3167672
1877,3,historical,431670
1877,4,historical,1834281
1878,1,historical,4707654
1878,2,historical,3107805
1878,3,historical,395288
1878,4,historical,1814028
1879,1,historical,4814902
1879,2,historical,3307060
1879,3,historical,412303
1879,4,historical,1848320
1880,1,historical,4828724
1880,2,historical,3183042
1880,3,historical,455548
1880,4,historical,1872951
1881,1,historical,4761919
1881,2,historical,3119091
1881,3,historical,419180
1881,4,historical,1837520
1882,1,historical,4908299
1882,2,historical,3230142
1882,3,historical,414219
1882,4,historical,1755788
1883,1,historical,4752486
1883,2,historical,3193899
1883,3,historical,394717
1883,4,historical,1780074
1884,1,historical,4762520
1884,2,historical,3282228
1884,3,historical,496995
1884,4,historical,1931491
1885,1,historical,4885898
1885,2,historical,3326944
1885,3,historical,467724
1885,4,historical,1897906
1886,1,historical,4916986
1886,2,historical,3230948
1886,3,historical,413477
1886,4,historical,1916151
1887,1,historical,4968080
1887,2,historical,3357886
1887,3,historical,453219
1887,4,historical,1804390
1888,1,historical,4871415
1888,2,historical,3219082
1888,3,historical,444098
1888,4,historical,1797331
1889,1,historical,4761743
1889,2,historical,3120969
1889,3,historical,450156
1889,4,historical,1829608
1890,1,historical,4737482
1890,2,historical,3187311
1890,3,historical,409310
1890,4,historical,1839855
1891,1,historical,4740417
1891,2,historical,3238921
1891,3,historical,443108
1891,4,historical,1880224
1892,1,historical,4864929
1892,2,historical,3262734
1892,3,historical,404231
1892,4,historical,1878485
1893,1,historical,4820083
1893,2,historical,3323611
1893,3,historical,418280
1893,4,historical,1807863
1894,1,historical,4681251
1894,2,historical,3173781
1894,3,historical,420399
1894,4,historical,1811428
1895,1,historical,4794856
1895,2,historical,3184759
1895,3,historical,438376
1895,4,historical,1880977
1896,1,historical,4831405
1896,2,historical,3294361
1896,3,historical,426589
1896,4,historical,1869990
1897,1,historical,4738763
1897,2,historical,3219749
1897,3,historical,442204
1897,4,historical,1877318
1898,1,historical,4864361
1898,2,historical,3173690
1898,3,historical,437828
1898,4,historical,1819589
1899,1,historical,4853032
1899,2,historical,3165066
1899,3,historical,422551
1899,4,historical,1867763
1900,1,historical,4830065
1900,2,historical,3224541
1900,3,historical,422356
1900,4,historical,1813051
1901,1,historical,4773548
1901,2,historical,3276741
1901,3,historical,420638
1901,4,historical,1793897
1902,1,historical,4694712
1902,2,historical,3256578
1902,3,historical,427117
1902,4,historical,1749224
1903,1,historical,4807213
1903,2,historical,3254599
1903,3,historical,466848
1903,4,historical,1862762
1904,1,historical,4855578
1904,2,historical,3272084
1904,3,historical,436758
1904,4,historical,1791087
1905,1,historical,4818524
1905,2,historical,3188971
1905,3,historical,415317
1905,4,historical,1874294
1906,1,historical,4827283
1906,2,historical,3247069
1906,3,historical,401060
1906,4,historical,1874532
1907,1,historical,4909987
1907,2,historical,3333788
1907,3,historical,404606
1907,4,historical,1933477
1908,1,historical,4816339
1908,2,historical,3323535
1908,3,historical,431080
1908,4,historical,1790207
1909,1,historical,4842739
1909,2,historical,3183274
1909,3,historical,419550
1909,4,historical,1822316
1910,1,historical,4779242
1910,2,historical,3254169
1910,3,historical,417525
1910,4,historical,1835875
1911,1,historical,4854623
1911,2,historical,3230808
1911,3,historical,415537
1911,4,historical,1858375
1912,1,historical,4790808
1912,2,historical,3275946
1912,3,historical,456521
1912,4,historical,2025360
1913,1,historical,4997160
1913,2,historical,3380080
1913,3,historical,445794
1913,4,historical,1810003
1914,1,historical,4809715
1914,2,historical,3280809
1914,3,historical,473404
1914,4,historical,1935313
1915,1,historical,4896228
1915,2,historical,3280358
1915,3,historical,464619
1915,4,historical,1914243
1916,1,historical,4894324
1916,2,historical,3270541
1916,3,historical,416392
1916,4,historical,1851339
1917,1,historical,4793719
1917,2,historical,3301145
1917,3,historical,418227
1917,4,historical,1839161
1918,1,historical,4749234
1918,2,historical,3178002
1918,3,historical,431977
1918,4,historical,1788365
1919,1,historical,4845862
1919,2,historical,3189105
1919,3,historical,410737
1919,4,historical,1745768
1920,1,historical,4804388
1920,2,historical,3073465
1920,3,historical,394326
1920,4,historical,1809955
1921,1,historical,4935573
1921,2,historical,3190670
1921,3,historical,427113
1921,4,historical,1796591
1922,1,historical,4711671
1922,2,historical,3179033
1922,3,historical,389440
1922,4,historical,1761096
1923,1,historical,4751144
1923,2,historical,3257200
1923,3,historical,404883
1923,4,historical,1798494
1924,1,historical,4905028
1924,2,historical,3229633
1924,3,historical,430005
1924,4,historical,1822452
1925,1,historical,4755635
1925,2,historical,3187526
1925,3,historical,425412
1925,4,historical,1816535
1926,1,historical,4812482
1926,2,historical,3312006
1926,3,historical,411624
1926,4,historical,1812841
1927,1,historical,4689012
1927,2,historical,3159999
1927,3,historical,419427
1927,4,historical,1694706
1928,1,historical,4908048
1928,2,historical,3187271
1928,3,historical,417750
1928,4,historical,1786396
1929,1,historical,4805652
1929,2,historical,3208929
1929,3,historical,396968
1929,4,historical,1726728
1930,1,historical,4806469
1930,2,historical,3115487
1930,3,historical,421380
1930,4,historical,1786857
1931,1,historical,4896803
1931,2,historical,3216115
1931,3,historical,428706
1931,4,historical,1786003
1932,1,historical,4820350
1932,2,historical,3252978
1932,3,historical,412883
1932,4,historical,1785308
1933,1,historical,4845645
1933,2,historical,3257096
1933,3,historical,434935
1933,4,historical,1799766
1934,1,historical,4859146
1934,2,historical,3258905
1934,3,historical,383712
1934,4,historical,1810587
1935,1,historical,4772271
1935,2,historical,3140378
1935,3,historical,429157
1935,4,historical,1805370
1936,1,historical,4803800
1936,2,historical,3219338
1936,3,historical,430632
1936,4,historical,1857695
1937,1,historical,4891394
1937,2,historical,3216718
1937,3,historical,425106
1937,4,historical,1816954
1938,1,historical,4738552
1938,2,historical,3189564
1938,3,historical,436679
1938,4,historical,1845603
1939,1,historical,4746275
1939,2,historical,3259324
1939,3,historical,444826
1939,4,historical,1865935
1940,1,historical,4803848
1940,2,historical,3180416
1940,3,historical,433623
1940,4,historical,1810014
1941,1,historical,4681368
1941,2,historical,3176310
1941,3,historical,441355
1941,4,historical,1729099
1942,1,historical,4812308
1942,2,historical,3205033
1942,3,historical,415316
1942,4,historical,1849908
1943,1,historical,4788318
1943,2,historical,3172962
1943,3,historical,426030
1943,4,historical,1819945
1944,1,historical,4794609
1944,2,historical,3131730
1944,3,historical,404655
1944,4,historical,1764272
1945,1,historical,4772179
1945,2,historical,3202708
1945,3,historical,465645
1945,4,historical,1823891
1946,1,historical,4772861
1946,2,historical,3190266
1946,3,historical,435348
1946,4,historical,1884098
1947,1,historical,4842659
1947,2,historical,3303394
1947,3,historical,434707
1947,4,historical,1780981
1948,1,historical,4738801
1948,2,historical,3152844
1948,3,historical,390856
1948,4,historical,1753993
1949,1,historical,4727589
1949,2,historical,3154228
1949,3,historical,409784
1949,4,historical,1771387
1950,1,historical,4836650
1950,2,historical,3141368
1950,3,historical,401104
1950,4,historical,1723135
1951,1,historical,4743702
1951,2,historical,3174810
1951,3,historical,419750
1951,4,historical,1775334
1952,1,historical,4888607
1952,2,historical,3186378
1952,3,historical,401931
1952,4,historical,1833625
1953,1,historical,4835071
1953,2,historical,3233697
1953,3,historical,416412
1953,4,historical,1800527
1954,1,historical,4859051
1954,2,historical,3263475
1954,3,historical,434989
1954,4,historical,1913422
1955,1,historical,4760295
1955,2,historical,3243182
1955,3,historical,423686
1955,4,historical,1769127
1956,1,historical,4850901
1956,2,historical,3171318
1956,3,historical,421179
1956,4,historical,1704299
1957,1,historical,4699477
1957,2,historical,3225890
1957,3,historical,441986
1957,4,historical,1795706
1958,1,historical,4863043
1958,2,historical,3296236
1958,3,historical,422120
1958,4,historical,1827886
1959,1,historical,4795905
1959,2,historical,3196661
1959,3,historical,435554
1959,4,historical,1855868
1960,1,historical,4834235
1960,2,historical,3292813
1960,3,historical,425187
1960,4,historical,1815708
1961,1,historical,4711959
1961,2,historical,3163490
1961,3,historical,421089
1961,4,historical,1782587
1962,1,historical,4890865
1962,2,historical,3286874
1962,3,historical,440020
1962,4,historical,1817721
1963,1,historical,4865309
1963,2,historical,3276265
1963,3,historical,453644
1963,4,historical,1849564
1964,1,historical,4866477
1964,2,historical,3262605
1964,3,historical,440924
1964,4,historical,1906118
1965,1,historical,4853659
1965,2,historical,3368119
1965,3,historical,442635
1965,4,historical,1859339
1966,1,historical,4871277
1966,2,historical,3192763
1966,3,historical,418790
1966,4,historical,1846231
1967,1,historical,4790460
1967,2,historical,3291488
1967,3,historical,480756
1967,4,historical,1770627
1968,1,historical,4803782
1968,2,historical,3277350
1968,3,historical,439413
1968,4,historical,1904785
1969,1,historical,4907044
1969,2,historical,3407350
1969,3,historical,466395
1969,4,historical,1786700
1970,1,historical,4818693
1970,2,historical,3226336
1970,3,historical,446115
1970,4,historical,1792886
1971,1,historical,4721993
1971,2,historical,3220355
1971,3,historical,460028
1971,4,historical,1749379
1972,1,historical,4663189
1972,2,historical,3185178
1972,3,historical,448274
1972,4,historical,1882570
1973,1,historical,4840286
1973,2,historical,3246495
1973,3,historical,440861
1973,4,historical,1831449
1974,1,historical,4910242
1974,2,historical,3247486
1974,3,historical,401233
1974,4,historical,1666168
1975,1,historical,4853103
1975,2,historical,3128117
1975,3,historical,405208
1975,4,historical,1835685
1976,1,historical,4856775
1976,2,historical,3322186
1976,3,historical,415537
1976,4,historical,1753027
1977,1,historical,4803917
1977,2,historical,3212126
1977,3,historical,429174
1977,4,historical,1808476
1978,1,historical,4764085
1978,2,historical,3217478
1978,3,historical,405766
1978,4,historical,1808535
1979,1,historical,4811564
1979,2,historical,3152156
1979,3,historical,441011
1979,4,historical,1891129
1980,1,historical,4836558
1980,2,historical,3172650
1980,3,historical,426348
1980,4,historical,1838737
1981,1,historical,4852769
1981,2,historical,3252556
1981,3,historical,432483
1981,4,historical,1796184
1982,1,historical,4681240
1982,2,historical,3168758
1982,3,historical,434122
1982,4,historical,1767833
1983,1,historical,4887065
1983,2,historical,3286088
1983,3,historical,458246
1983,4,historical,1819721
1984,1,historical,4810588
1984,2,historical,3211419
1984,3,historical,437505
1984,4,historical,1859887
1985,1,historical,4825863
1985,2,historical,3195800
1985,3,historical,425002
1985,4,historical,1831314
1986,1,historical,4873850
1986,2,historical,3324542
1986,3,historical,419336
1986,4,historical,1846657
1987,1,historical,4704343
1987,2,historical,3181424
1987,3,historical,380068
1987,4,historical,1777789
1988,1,historical,4756462
1988,2,historical,3239849
1988,3,historical,440948
1988,4,historical,1781315
1989,1,historical,4762950
1989,2,historical,3209159
1989,3,historical,413233
1989,4,historical,1866343
1990,1,historical,4761189
1990,2,historical,3177008
1990,3,historical,377995
1990,4,historical,1840684
1991,1,historical,4786905
1991,2,historical,3150078
1991,3,historical,380754
1991,4,historical,1774619
1992,1,historical,4733271
1992,2,historical,3239820
1992,3,historical,436003
1992,4,historical,1864328
1993,1,historical,4735793
1993,2,historical,3197206
1993,3,historical,425793
1993,4,historical,1808432
1994,1,historical,4787457
1994,2,historical,3136886
1994,3,historical,409059
1994,4,historical,1810461
1995,1,historical,4852737
1995,2,historical,3165878
1995,3,historical,400133
1995,4,historical,1784699
1996,1,historical,4843456
1996,2,historical,3199144
1996,3,historical,395534
1996,4,historical,1752219
1997,1,historical,4718302
1997,2,historical,3166420
1997,3,historical,369975
1997,4,historical,1721929
1998,1,historical,4736264
1998,2,historical,3079538
1998,3,historical,397284
1998,4,historical,1712876
1999,1,historical,4760440
1999,2,historical,3154930
1999,3,historical,367661
1999,4,historical,1650244
2000,1,historical,4669899
2000,2,historical,3106236
2000,3,historical,365902
2000,4,historical,1646385
2001,1,historical,4732575
2001,2,historical,3088650
2001,3,historical,370826
2001,4,historical,1632630
2002,1,historical,4735774
2002,2,historical,3105005
2002,3,historical,343478
2002,4,historical,1637163
2003,1,historical,4623708
2003,2,historical,3050322
2003,3,historical,361086
2003,4,historical,1720709
2004,1,historical,4692780
2004,2,historical,3025941
2004,3,historical,340005
2004,4,historical,1528860
2005,1,historical,4681061
2005,2,historical,3044388
2005,3,historical,344539
2005,4,historical,1624265
2006,1,historical,4552630
2006,2,historical,3123890
2006,3,historical,353921
2006,4,historical,1666346
2007,1,historical,4714022
2007,2,historical,3095511
2007,3,historical,354509
2007,4,historical,1594510
2008,1,historical,4551825
2008,2,historical,2979789
2008,3,historical,335519
2008,4,historical,1678299
2009,1,historical,4701958
2009,2,historical,3039074
2009,3,historical,349549
2009,4,historical,1633724
2010,1,historical,4726223
2010,2,historical,3059312
2010,3,historical,327569
2010,4,historical,1633621
2011,1,historical,4598337
2011,2,historical,3003168
2011,3,historical,340985
2011,4,historical,1586807
2012,1,historical,4678904
2012,2,historical,2983722
2012,3,historical,344970
2012,4,historical,1654978
2013,1,historical,4705268
2013,2,historical,2957804
2013,3,historical,327007
2013,4,historical,1516270
2014,1,historical,4580084
2014,2,historical,2916592
2014,3,historical,326544
2014,4,historical,1581283
2015,1,ssp126,4191366
2015,2,ssp126,3035470
2015,3,ssp126,351299
2015,4,ssp126,1573174
2016,1,ssp126,4595793
2016,2,ssp126,3031873
2016,3,ssp126,318020
2016,4,ssp126,1540899
2017,1,ssp126,4621526
2017,2,ssp126,3022774
2017,3,ssp126,321531
2017,4,ssp126,1560770
2018,1,ssp126,4629127
2018,2,ssp126,3022630
2018,3,ssp126,303092
2018,4,ssp126,1525095
2019,1,ssp126,4444222
2019,2,ssp126,2861401
2019,3,ssp126,304730
2019,4,ssp126,1490461
2020,1,ssp126,4515704
2020,2,ssp126,2932551
2020,3,ssp126,298115
2020,4,ssp126,1499447
2021,1,ssp126,4664971
2021,2,ssp126,2991092
2021,3,ssp126,298862
2021,4,ssp126,1474960
2022,1,ssp126,4531681
2022,2,ssp126,2851767
2022,3,ssp126,305439
2022,4,ssp126,1548402
2023,1,ssp126,4523150
2023,2,ssp126,2906288
2023,3,ssp126,336821
2023,4,ssp126,1531085
2024,1,ssp126,4531984
2024,2,ssp126,2891988
2024,3,ssp126,299646
2024,4,ssp126,1447660
2025,1,ssp126,4520097
2025,2,ssp126,2903958
2025,3,ssp126,293515
2025,4,ssp126,1454634
2026,1,ssp126,4422692
2026,2,ssp126,2844197
2026,3,ssp126,286609
2026,4,ssp126,1493910
2027,1,ssp126,4619994
2027,2,ssp126,3054592
2027,3,ssp126,299117
2027,4,ssp126,1526716
2028,1,ssp126,4418305
2028,2,ssp126,2862571
2028,3,ssp126,303376
2028,4,ssp126,1517698
2029,1,ssp126,4525169
2029,2,ssp126,2900258
2029,3,ssp126,314247
2029,4,ssp126,1468737
2030,1,ssp126,4519491
2030,2,ssp126,2797656
2030,3,ssp126,309344
2030,4,ssp126,1536436
2031,1,ssp126,4499560
2031,2,ssp126,2813111
2031,3,ssp126,295516
2031,4,ssp126,1462132
2032,1,ssp126,4421568
2032,2,ssp126,2826859
2032,3,ssp126,288881
2032,4,ssp126,1458178
2033,1,ssp126,4522163
2033,2,ssp126,2954707
2033,3,ssp126,265812
2033,4,ssp126,1484894
2034,1,ssp126,4478038
2034,2,ssp126,2889918
2034,3,ssp126,290243
2034,4,ssp126,1550022
2035,1,ssp126,4505999
2035,2,ssp126,2924323
2035,3,ssp126,319031
2035,4,ssp126,1438305
2036,1,ssp126,4432299
2036,2,ssp126,2829846
2036,3,ssp126,268627
2036,4,ssp126,1455207
2037,1,ssp126,4374662
2037,2,ssp126,2723959
2037,3,ssp126,257945
2037,4,ssp126,1477053
2038,1,ssp126,4532954
2038,2,ssp126,2855570
2038,3,ssp126,285519
2038,4,ssp126,1361469
2039,1,ssp126,4440986
2039,2,ssp126,2849076
2039,3,ssp126,297608
2039,4,ssp126,1416587
2040,1,ssp126,4414117
2040,2,ssp126,2778507
2040,3,ssp126,287268
2040,4,ssp126,1478543
2041,1,ssp126,4481732
2041,2,ssp126,2833593
2041,3,ssp126,292740
2041,4,ssp126,1475444
2042,1,ssp126,4393786
2042,2,ssp126,2825336
2042,3,ssp126,270368
2042,4,ssp126,1421004
2043,1,ssp126,4310082
2043,2,ssp126,2799508
2043,3,ssp126,277210
2043,4,ssp126,1431156
2044,1,ssp126,4585264
2044,2,ssp126,2819294
2044,3,ssp126,264518
2044,4,ssp126,1368721
2045,1,ssp126,4341850
2045,2,ssp126,2839150
2045,3,ssp126,284812
2045,4,ssp126,1427558
2046,1,ssp126,4361227
2046,2,ssp126,2741978
2046,3,ssp126,275399
2046,4,ssp126,1394872
2047,1,ssp126,4365251
2047,2,ssp126,2706399
2047,3,ssp126,270303
2047,4,ssp126,1381780
2048,1,ssp126,4391823
2048,2,ssp126,2701908
2048,3,ssp126,259529
2048,4,ssp126,1496744
2049,1,ssp126,4496923
2049,2,ssp126,2899789
2049,3,ssp126,284400
2049,4,ssp126,1366220
2050,1,ssp126,4480923
2050,2,ssp126,2877618
2050,3,ssp126,277626
2050,4,ssp126,1442898
2051,1,ssp126,4344562
2051,2,ssp126,2733818
2051,3,ssp126,271478
2051,4,ssp126,1323280
2052,1,ssp126,4336198
2052,2,ssp126,2750943
2052,3,ssp126,285115
2052,4,ssp126,1399669
2053,1,ssp126,4477355
2053,2,ssp126,2844630
2053,3,ssp126,254952
2053,4,ssp126,1411661
2054,1,ssp126,4349855
2054,2,ssp126,2799853
2054,3,ssp126,283651
2054,4,ssp126,1411692
2055,1,ssp126,4328327
2055,2,ssp126,2761598
2055,3,ssp126,277797
2055,4,ssp126,1385467
2056,1,ssp126,4396937
2056,2,ssp126,2795220
2056,3,ssp126,276339
2056,4,ssp126,1371180
2057,1,ssp126,4349640
2057,2,ssp126,2806658
2057,3,ssp126,269664
2057,4,ssp126,1389009
2058,1,ssp126,4378706
2058,2,ssp126,2798739
2058,3,ssp126,292869
2058,4,ssp126,1352474
2059,1,ssp126,4421243
2059,2,ssp126,2780783
2059,3,ssp126,274903
2059,4,ssp126,1418592
2060,1,ssp126,4371887
2060,2,ssp126,2722784
2060,3,ssp126,258650
2060,4,ssp126,1393175
2061,1,ssp126,4349498
2061,2,ssp126,2712669
2061,3,ssp126,277438
2061,4,ssp126,1373953
2062,1,ssp126,4376385
2062,2,ssp126,2700820
2062,3,ssp126,270759
2062,4,ssp126,1423982
2063,1,ssp126,4420773
2063,2,ssp126,2661936
2063,3,ssp126,263872
2063,4,ssp126,1393544
2064,1,ssp126,4334380
2064,2,ssp126,2704132
2064,3,ssp126,275921
2064,4,ssp126,1469161
2065,1,ssp126,4337335
2065,2,ssp126,2789426
2065,3,ssp126,288347
2065,4,ssp126,1366057
2066,1,ssp126,4349695
2066,2,ssp126,2726157
2066,3,ssp126,264226
2066,4,ssp126,1417273
2067,1,ssp126,4277301
2067,2,ssp126,2640115
2067,3,ssp126,255069
2067,4,ssp126,1350384
2068,1,ssp126,4316354
2068,2,ssp126,2693008
2068,3,ssp126,256836
2068,4,ssp126,1388857
2069,1,ssp126,4355975
2069,2,ssp126,2865618
2069,3,ssp126,259637
2069,4,ssp126,1423444
2070,1,ssp126,4394674
2070,2,ssp126,2723739
2070,3,ssp126,260979
2070,4,ssp126,1319305
2071,1,ssp126,4378426
2071,2,ssp126,2758667
2071,3,ssp126,256349
2071,4,ssp126,1384880
2072,1,ssp126,4431558
2072,2,ssp126,2796176
2072,3,ssp126,260289
2072,4,ssp126,1444967
2073,1,ssp126,4337447
2073,2,ssp126,2719876
2073,3,ssp126,269564
2073,4,ssp126,1336125
2074,1,ssp126,4245683
2074,2,ssp126,2615360
2074,3,ssp126,257958
2074,4,ssp126,1338983
2075,1,ssp126,4462114
2075,2,ssp126,2820788
2075,3,ssp126,252224
2075,4,ssp126,1435678
2076,1,ssp126,4370344
2076,2,ssp126,2753769
2076,3,ssp126,244720
2076,4,ssp126,1424074
2077,1,ssp126,4378718
2077,2,ssp126,2745019
2077,3,ssp126,260993
2077,4,ssp126,1393499
2078,1,ssp126,4332598
2078,2,ssp126,2683953
2078,3,ssp126,264738
2078,4,ssp126,1390125
2079,1,ssp126,4403105
2079,2,ssp126,2761130
2079,3,ssp126,235774
2079,4,ssp126,1428232
2080,1,ssp126,4325267
2080,2,ssp126,2834478
2080,3,ssp126,260650
2080,4,ssp126,1369749
2081,1,ssp126,4326611
2081,2,ssp126,2769720
2081,3,ssp126,260380
2081,4,ssp126,1382703
2082,1,ssp126,4422345
2082,2,ssp126,2819134
2082,3,ssp126,259446
2082,4,ssp126,1438398
2083,1,ssp126,4464191
2083,2,ssp126,2800417
2083,3,ssp126,251602
2083,4,ssp126,1390322
2084,1,ssp126,4463082
2084,2,ssp126,2743526
2084,3,ssp126,261853
2084,4,ssp126,1446600
2085,1,ssp126,4365508
2085,2,ssp126,2773217
2085,3,ssp126,272415
2085,4,ssp126,1379614
2086,1,ssp126,4446902
2086,2,ssp126,2737754
2086,3,ssp126,258419
2086,4,ssp126,1408487
2087,1,ssp126,4403722
2087,2,ssp126,2842912
2087,3,ssp126,244013
2087,4,ssp126,1393101
2088,1,ssp126,4333649
2088,2,ssp126,2800933
2088,3,ssp126,260856
2088,4,ssp126,1408086
2089,1,ssp126,4291833
2089,2,ssp126,2840219
2089,3,ssp126,283566
2089,4,ssp126,1393980
2090,1,ssp126,4492126
2090,2,ssp126,2888718
2090,3,ssp126,282437
2090,4,ssp126,1440766
2091,1,ssp126,4397170
2091,2,ssp126,2836740
2091,3,ssp126,274510
2091,4,ssp126,1449094
2092,1,ssp126,4382756
2092,2,ssp126,2701743
2092,3,ssp126,263622
2092,4,ssp126,1396726
2093,1,ssp126,4356294
2093,2,ssp126,2801354
2093,3,ssp126,250244
2093,4,ssp126,1337825
2094,1,ssp126,4442165
2094,2,ssp126,2798983
2094,3,ssp126,286187
2094,4,ssp126,1358005
2095,1,ssp126,4376668
2095,2,ssp126,2831497
2095,3,ssp126,271641
2095,4,ssp126,1386855
2096,1,ssp126,4346686
2096,2,ssp126,2913153
2096,3,ssp126,279432
2096,4,ssp126,1415859
2097,1,ssp126,4439751
2097,2,ssp126,2720175
2097,3,ssp126,272349
2097,4,ssp126,1483529
2098,1,ssp126,4480942
2098,2,ssp126,2827392
2098,3,ssp126,275558
2098,4,ssp126,1439521
2099,1,ssp126,4385691
2099,2,ssp126,2732542
2099,3,ssp126,265315
2099,4,ssp126,1466710
2100,1,ssp126,4524301
2100,2,ssp126,2900201
2100,3,ssp126,262778
2100,4,ssp126,1447556
2015,1,ssp245,4142610
2015,2,ssp245,3011887
2015,3,ssp245,308958
2015,4,ssp245,1522340
2016,1,ssp245,4646062
2016,2,ssp245,2927642
2016,3,ssp245,315719
2016,4,ssp245,1528001
2017,1,ssp245,4632155
2017,2,ssp245,2874774
2017,3,ssp245,303417
2017,4,ssp245,1617579
2018,1,ssp245,4636205
2018,2,ssp245,3019183
2018,3,ssp245,341668
2018,4,ssp245,1482991
2019,1,ssp245,4590850
2019,2,ssp245,2993585
2019,3,ssp245,313554
2019,4,ssp245,1536548
2020,1,ssp245,4588160
2020,2,ssp245,2967909
2020,3,ssp245,317286
2020,4,ssp245,1559763
2021,1,ssp245,4599720
2021,2,ssp245,2987875
2021,3,ssp245,324007
2021,4,ssp245,1490659
2022,1,ssp245,4467692
2022,2,ssp245,2950573
2022,3,ssp245,323985
2022,4,ssp245,1526932
2023,1,ssp245,4473803
2023,2,ssp245,2968669
2023,3,ssp245,317245
2023,4,ssp245,1485204
2024,1,ssp245,4602956
2024,2,ssp245,2822912
2024,3,ssp245,306400
2024,4,ssp245,1504749
2025,1,ssp245,4490357
2025,2,ssp245,3008167
2025,3,ssp245,326958
2025,4,ssp245,1551445
2026,1,ssp245,4593171
2026,2,ssp245,3035728
2026,3,ssp245,298592
2026,4,ssp245,1498235
2027,1,ssp245,4478123
2027,2,ssp245,2920844
2027,3,ssp245,317529
2027,4,ssp245,1509930
2028,1,ssp245,4500413
2028,2,ssp245,2923306
2028,3,ssp245,290520
2028,4,ssp245,1418390
2029,1,ssp245,4567288
2029,2,ssp245,2886358
2029,3,ssp245,284030
2029,4,ssp245,1427776
2030,1,ssp245,4471323
2030,2,ssp245,2883876
2030,3,ssp245,311901
2030,4,ssp245,1530343
2031,1,ssp245,4378872
2031,2,ssp245,2835462
2031,3,ssp245,288886
2031,4,ssp245,1506108
2032,1,ssp245,4506508
2032,2,ssp245,2835058
2032,3,ssp245,286165
2032,4,ssp245,1470996
2033,1,ssp245,4512335
2033,2,ssp245,2896894
2033,3,ssp245,291818
2033,4,ssp245,1466534
2034,1,ssp245,4395635
2034,2,ssp245,2819917
2034,3,ssp245,305090
2034,4,ssp245,1536601
2035,1,ssp245,4472154
2035,2,ssp245,2862551
2035,3,ssp245,298236
2035,4,ssp245,1448967
2036,1,ssp245,4420538
2036,2,ssp245,2868925
2036,3,ssp245,307191
2036,4,ssp245,1441980
2037,1,ssp245,4442171
2037,2,ssp245,2852868
2037,3,ssp245,285081
2037,4,ssp245,1441719
2038,1,ssp245,4415742
2038,2,ssp245,2816653
2038,3,ssp245,278190
2038,4,ssp245,1408508
2039,1,ssp245,4378601
2039,2,ssp245,2807050
2039,3,ssp245,266039
2039,4,ssp245,1368621
2040,1,ssp245,4354696
2040,2,ssp245,2757656
2040,3,ssp245,253278
2040,4,ssp245,1419388
2041,1,ssp245,4419541
2041,2,ssp245,2747625
2041,3,ssp245,239488
2041,4,ssp245,1411131
2042,1,ssp245,4428015
2042,2,ssp245,2751863
2042,3,ssp245,259155
2042,4,ssp245,1418101
2043,1,ssp245,4347827
2043,2,ssp245,2731733
2043,3,ssp245,276309
2043,4,ssp245,1406291
2044,1,ssp245,4348647
2044,2,ssp245,2667824
2044,3,ssp245,260867
2044,4,ssp245,1406361
2045,1,ssp245,4332093
2045,2,ssp245,2813259
2045,3,ssp245,253150
2045,4,ssp245,1355336
2046,1,ssp245,4417828
2046,2,ssp245,2800972
2046,3,ssp245,259371
2046,4,ssp245,1363815
2047,1,ssp245,4375575
2047,2,ssp245,2796890
2047,3,ssp245,269471
2047,4,ssp245,1350364
2048,1,ssp245,4343835
2048,2,ssp245,2750085
2048,3,ssp245,255568
2048,4,ssp245,1408765
2049,1,ssp245,4300383
2049,2,ssp245,2601796
2049,3,ssp245,248813
2049,4,ssp245,1276780
2050,1,ssp245,4316097
2050,2,ssp245,2759193
2050,3,ssp245,251440
2050,4,ssp245,1406904
2051,1,ssp245,4380383
2051,2,ssp245,2766155
2051,3,ssp245,262162
2051,4,ssp245,1372036
2052,1,ssp245,4489455
2052,2,ssp245,2761902
2052,3,ssp245,254925
2052,4,ssp245,1284801
2053,1,ssp245,4341626
2053,2,ssp245,2706375
2053,3,ssp245,290232
2053,4,ssp245,1348003
2054,1,ssp245,4358546
2054,2,ssp245,2779891
2054,3,ssp245,265960
2054,4,ssp245,1334658
2055,1,ssp245,4299124
2055,2,ssp245,2701263
2055,3,ssp245,262817
2055,4,ssp245,1323738
2056,1,ssp245,4245473
2056,2,ssp245,2751989
2056,3,ssp245,270174
2056,4,ssp245,1315632
2057,1,ssp245,4362866
2057,2,ssp245,2708210
2057,3,ssp245,244796
2057,4,ssp245,1275985
2058,1,ssp245,4250858
2058,2,ssp245,2575022
2058,3,ssp245,243013
2058,4,ssp245,1283440
2059,1,ssp245,4099442
2059,2,ssp245,2570190
2059,3,ssp245,255999
2059,4,ssp245,1244249
2060,1,ssp245,4269779
2060,2,ssp245,2542576
2060,3,ssp245,224160
2060,4,ssp245,1262897
2061,1,ssp245,4321528
2061,2,ssp245,2637308
2061,3,ssp245,231771
2061,4,ssp245,1383493
2062,1,ssp245,4337665
2062,2,ssp245,2726148
2062,3,ssp245,233809
2062,4,ssp245,1295085
2063,1,ssp245,4197358
2063,2,ssp245,2586994
2063,3,ssp245,246246
2063,4,ssp245,1383341
2064,1,ssp245,4281310
2064,2,ssp245,2696579
2064,3,ssp245,230061
2064,4,ssp245,1266368
2065,1,ssp245,4338904
2065,2,ssp245,2659638
2065,3,ssp245,246210
2065,4,ssp245,1285287
2066,1,ssp245,4298930
2066,2,ssp245,2616205
2066,3,ssp245,245877
2066,4,ssp245,1300821
2067,1,ssp245,4302857
2067,2,ssp245,2605191
2067,3,ssp245,243868
2067,4,ssp245,1239506
2068,1,ssp245,4196667
2068,2,ssp245,2586325
2068,3,ssp245,226962
2068,4,ssp245,1245668
2069,1,ssp245,4298862
2069,2,ssp245,2694558
2069,3,ssp245,235392
2069,4,ssp245,1265634
2070,1,ssp245,4296057
2070,2,ssp245,2656952
2070,3,ssp245,252289
2070,4,ssp245,1223126
2071,1,ssp245,4142605
2071,2,ssp245,2643677
2071,3,ssp245,230762
2071,4,ssp245,1261158
2072,1,ssp245,4143180
2072,2,ssp245,2560115
2072,3,ssp245,238843
2072,4,ssp245,1255864
2073,1,ssp245,4179942
2073,2,ssp245,2622108
2073,3,ssp245,232848
2073,4,ssp245,1188186
2074,1,ssp245,4218428
2074,2,ssp245,2488657
2074,3,ssp245,229615
2074,4,ssp245,1247811
2075,1,ssp245,4314987
2075,2,ssp245,2682183
2075,3,ssp245,235823
2075,4,ssp245,1250726
2076,1,ssp245,4198756
2076,2,ssp245,2593871
2076,3,ssp245,219968
2076,4,ssp245,1221933
2077,1,ssp245,4144178
2077,2,ssp245,2541381
2077,3,ssp245,229351
2077,4,ssp245,1243849
2078,1,ssp245,4108434
2078,2,ssp245,2597560
2078,3,ssp245,232983
2078,4,ssp245,1202728
2079,1,ssp245,4273864
2079,2,ssp245,2553097
2079,3,ssp245,232527
2079,4,ssp245,1322651
2080,1,ssp245,4267690
2080,2,ssp245,2753990
2080,3,ssp245,208524
2080,4,ssp245,1272650
2081,1,ssp245,4248749
2081,2,ssp245,2680574
2081,3,ssp245,233351
2081,4,ssp245,1224911
2082,1,ssp245,4147866
2082,2,ssp245,2528369
2082,3,ssp245,230321
2082,4,ssp245,1211365
2083,1,ssp245,4088538
2083,2,ssp245,2607639
2083,3,ssp245,207463
2083,4,ssp245,1177030
2084,1,ssp245,4071608
2084,2,ssp245,2564685
2084,3,ssp245,223013
2084,4,ssp245,1207023
2085,1,ssp245,4172129
2085,2,ssp245,2460772
2085,3,ssp245,225534
2085,4,ssp245,1198908
2086,1,ssp245,4066434
2086,2,ssp245,2491752
2086,3,ssp245,211849
2086,4,ssp245,1204735
2087,1,ssp245,4174022
2087,2,ssp245,2528965
2087,3,ssp245,214671
2087,4,ssp245,1139089
2088,1,ssp245,4250415
2088,2,ssp245,2505950
2088,3,ssp245,203479
2088,4,ssp245,1212859
2089,1,ssp245,4194144
2089,2,ssp245,2672739
2089,3,ssp245,226897
2089,4,ssp245,1176634
2090,1,ssp245,4062321
2090,2,ssp245,2594096
2090,3,ssp245,204306
2090,4,ssp245,1195601
2091,1,ssp245,4176361
2091,2,ssp245,2491398
2091,3,ssp245,190843
2091,4,ssp245,1197283
2092,1,ssp245,4031445
2092,2,ssp245,2511167
2092,3,ssp245,199201
2092,4,ssp245,1199664
2093,1,ssp245,4083926
2093,2,ssp245,2574625
2093,3,ssp245,197505
2093,4,ssp245,1246979
2094,1,ssp245,4185425
2094,2,ssp245,2615851
2094,3,ssp245,199599
2094,4,ssp245,1151408
2095,1,ssp245,4174161
2095,2,ssp245,2494559
2095,3,ssp245,195040
2095,4,ssp245,1110549
2096,1,ssp245,4066841
2096,2,ssp245,2529737
2096,3,ssp245,194596
2096,4,ssp245,1153147
2097,1,ssp245,4098323
2097,2,ssp245,2543819
2097,3,ssp245,204923
2097,4,ssp245,1145958
2098,1,ssp245,4104808
2098,2,ssp245,2503191
2098,3,ssp245,204909
2098,4,ssp245,1191175
2099,1,ssp245,4057442
2099,2,ssp245,2424307
2099,3,ssp245,212217
2099,4,ssp245,1209192
2100,1,ssp245,4072635
2100,2,ssp245,2431918
2100,3,ssp245,191299
2100,4,ssp245,1168654
2015,1,ssp370,4171859
2015,2,ssp370,2992802
2015,3,ssp370,321988
2015,4,ssp370,1622561
2016,1,ssp370,4678233
2016,2,ssp370,3055511
2016,3,ssp370,337761
2016,4,ssp370,1600629
2017,1,ssp370,4558793
2017,2,ssp370,3026213
2017,3,ssp370,329910
2017,4,ssp370,1604769
2018,1,ssp370,4653202
2018,2,ssp370,2899415
2018,3,ssp370,316427
2018,4,ssp370,1472841
2019,1,ssp370,4560427
2019,2,ssp370,2816823
2019,3,ssp370,319570
2019,4,ssp370,1572305
2020,1,ssp370,4550729
2020,2,ssp370,2957715
2020,3,ssp370,323003
2020,4,ssp370,1548198
2021,1,ssp370,4595330
2021,2,ssp370,2880293
2021,3,ssp370,314793
2021,4,ssp370,1607721
2022,1,ssp370,4556496
2022,2,ssp370,2952029
2022,3,ssp370,313688
2022,4,ssp370,1553737
2023,1,ssp370,4607082
2023,2,ssp370,2975431
2023,3,ssp370,312578
2023,4,ssp370,1570572
2024,1,ssp370,4528091
2024,2,ssp370,2850154
2024,3,ssp370,325590
2024,4,ssp370,1487920
2025,1,ssp370,4516654
2025,2,ssp370,2907064
2025,3,ssp370,313801
2025,4,ssp370,1549880
2026,1,ssp370,4551795
2026,2,ssp370,2898517
2026,3,ssp370,282722
2026,4,ssp370,1504878
2027,1,ssp370,4593462
2027,2,ssp370,2826820
2027,3,ssp370,306276
2027,4,ssp370,1511549
2028,1,ssp370,4561006
2028,2,ssp370,2821504
2028,3,ssp370,276009
2028,4,ssp370,1443875
2029,1,ssp370,4580094
2029,2,ssp370,2956962
2029,3,ssp370,282785
2029,4,ssp370,1523221
2030,1,ssp370,4481459
2030,2,ssp370,2937337
2030,3,ssp370,318454
2030,4,ssp370,1521537
2031,1,ssp370,4407091
2031,2,ssp370,2837360
2031,3,ssp370,295637
2031,4,ssp370,1396629
2032,1,ssp370,4540954
2032,2,ssp370,2994837
2032,3,ssp370,294426
2032,4,ssp370,1531445
2033,1,ssp370,4546806
2033,2,ssp370,2826365
2033,3,ssp370,257032
2033,4,ssp370,1445292
2034,1,ssp370,4352993
2034,2,ssp370,2747665
2034,3,ssp370,284612
2034,4,ssp370,1499785
2035,1,ssp370,4471703
2035,2,ssp370,2866853
2035,3,ssp370,273124
2035,4,ssp370,1393117
2036,1,ssp370,4310090
2036,2,ssp370,2745329
2036,3,ssp370,273166
2036,4,ssp370,1467509
2037,1,ssp370,4475406
2037,2,ssp370,2812957
2037,3,ssp370,300369
2037,4,ssp370,1429029
2038,1,ssp370,4564113
2038,2,ssp370,2874354
2038,3,ssp370,273963
2038,4,ssp370,1517280
2039,1,ssp370,4455676
2039,2,ssp370,2831162
2039,3,ssp370,298430
2039,4,ssp370,1408412
2040,1,ssp370,4300460
2040,2,ssp370,2814969
2040,3,ssp370,300558
2040,4,ssp370,1424610
2041,1,ssp370,4405256
2041,2,ssp370,2807196
2041,3,ssp370,293701
2041,4,ssp370,1354935
2042,1,ssp370,4387782
2042,2,ssp370,2827837
2042,3,ssp370,282745
2042,4,ssp370,1388548
2043,1,ssp370,4487433
2043,2,ssp370,2851301
2043,3,ssp370,267449
2043,4,ssp370,1385267
2044,1,ssp370,4483877
2044,2,ssp370,2826667
2044,3,ssp370,304818
2044,4,ssp370,1380530
2045,1,ssp370,4365580
2045,2,ssp370,2779560
2045,3,ssp370,289955
2045,4,ssp370,1402910
2046,1,ssp370,4284861
2046,2,ssp370,2720896
2046,3,ssp370,254732
2046,4,ssp370,1311247
2047,1,ssp370,4382477
2047,2,ssp370,2707003
2047,3,ssp370,234635
2047,4,ssp370,1390712
2048,1,ssp370,4409762
2048,2,ssp370,2706276
2048,3,ssp370,249834
2048,4,ssp370,1358095
2049,1,ssp370,4320254
2049,2,ssp370,2671236
2049,3,ssp370,255591
2049,4,ssp370,1378684
2050,1,ssp370,4412134
2050,2,ssp370,2788320
2050,3,ssp370,244444
2050,4,ssp370,1402902
2051,1,ssp370,4317424
2051,2,ssp370,2646261
2051,3,ssp370,254214
2051,4,ssp370,1238963
2052,1,ssp370,4244268
2052,2,ssp370,2642093
2052,3,ssp370,240163
2052,4,ssp370,1332637
2053,1,ssp370,4332174
2053,2,ssp370,2647049
2053,3,ssp370,231661
2053,4,ssp370,1278881
2054,1,ssp370,4176937
2054,2,ssp370,2702197
2054,3,ssp370,230494
2054,4,ssp370,1255853
2055,1,ssp370,4328650
2055,2,ssp370,2725806
2055,3,ssp370,238795
2055,4,ssp370,1272739
2056,1,ssp370,4062500
2056,2,ssp370,2473899
2056,3,ssp370,241617
2056,4,ssp370,1257850
2057,1,ssp370,4170223
2057,2,ssp370,2578328
2057,3,ssp370,226793
2057,4,ssp370,1288412
2058,1,ssp370,4197253
2058,2,ssp370,2623801
2058,3,ssp370,221612
2058,4,ssp370,1236600
2059,1,ssp370,4273447
2059,2,ssp370,2647925
2059,3,ssp370,229211
2059,4,ssp370,1245806
2060,1,ssp370,4349865
2060,2,ssp370,2655737
2060,3,ssp370,236429
2060,4,ssp370,1213276
2061,1,ssp370,4224876
2061,2,ssp370,2515802
2061,3,ssp370,227238
2061,4,ssp370,1254635
2062,1,ssp370,4228969
2062,2,ssp370,2619361
2062,3,ssp370,213168
2062,4,ssp370,1225953
2063,1,ssp370,4101310
2063,2,ssp370,2551604
2063,3,ssp370,240314
2063,4,ssp370,1177149
2064,1,ssp370,4235435
2064,2,ssp370,2618741
2064,3,ssp370,237558
2064,4,ssp370,1158754
2065,1,ssp370,4201852
2065,2,ssp370,2573800
2065,3,ssp370,218428
2065,4,ssp370,1202125
2066,1,ssp370,4213371
2066,2,ssp370,2560909
2066,3,ssp370,216550
2066,4,ssp370,1188024
2067,1,ssp370,4119388
2067,2,ssp370,2582686
2067,3,ssp370,223477
2067,4,ssp370,1141152
2068,1,ssp370,4144172
2068,2,ssp370,2542504
2068,3,ssp370,218527
2068,4,ssp370,1129171
2069,1,ssp370,4054737
2069,2,ssp370,2447427
2069,3,ssp370,196015
2069,4,ssp370,1070838
2070,1,ssp370,4005805
2070,2,ssp370,2475818
2070,3,ssp370,204370
2070,4,ssp370,1123056
2071,1,ssp370,4096268
2071,2,ssp370,2453229
2071,3,ssp370,198006
2071,4,ssp370,1164961
2072,1,ssp370,3882562
2072,2,ssp370,2353969
2072,3,ssp370,179931
2072,4,ssp370,1163180
2073,1,ssp370,4084133
2073,2,ssp370,2458552
2073,3,ssp370,196768
2073,4,ssp370,1078994
2074,1,ssp370,3999995
2074,2,ssp370,2422575
2074,3,ssp370,194401
2074,4,ssp370,1081406
2075,1,ssp370,4056279
2075,2,ssp370,2424272
2075,3,ssp370,183112
2075,4,ssp370,1110691
2076,1,ssp370,4098411
2076,2,ssp370,2455531
2076,3,ssp370,186284
2076,4,ssp370,1041517
2077,1,ssp370,4142656
2077,2,ssp370,2496166
2077,3,ssp370,174369
2077,4,ssp370,1138225
2078,1,ssp370,4090058
2078,2,ssp370,2517597
2078,3,ssp370,191147
2078,4,ssp370,1114477
2079,1,ssp370,3988137
2079,2,ssp370,2357481
2079,3,ssp370,188108
2079,4,ssp370,1053967
2080,1,ssp370,3892848
2080,2,ssp370,2274273
2080,3,ssp370,183958
2080,4,ssp370,1009052
2081,1,ssp370,4056628
2081,2,ssp370,2397137
2081,3,ssp370,184010
2081,4,ssp370,1040452
2082,1,ssp370,3834233
2082,2,ssp370,2408394
2082,3,ssp370,194253
2082,4,ssp370,1053991
2083,1,ssp370,3982318
2083,2,ssp370,2341566
2083,3,ssp370,185396
2083,4,ssp370,1002148
2084,1,ssp370,3806675
2084,2,ssp370,2320138
2084,3,ssp370,161556
2084,4,ssp370,1028729
2085,1,ssp370,3820358
2085,2,ssp370,2286227
2085,3,ssp370,163897
2085,4,ssp370,1092447
2086,1,ssp370,3962084
2086,2,ssp370,2385741
2086,3,ssp370,170760
2086,4,ssp370,1030203
2087,1,ssp370,3958428
2087,2,ssp370,2285952
2087,3,ssp370,169506
2087,4,ssp370,972324
2088,1,ssp370,3752697
2088,2,ssp370,2212984
2088,3,ssp370,176985
2088,4,ssp370,972657
2089,1,ssp370,3871920
2089,2,ssp370,2302378
2089,3,ssp370,149864
2089,4,ssp370,969781
2090,1,ssp370,3851087
2090,2,ssp370,2270063
2090,3,ssp370,151682
2090,4,ssp370,939728
2091,1,ssp370,3740335
2091,2,ssp370,2345297
2091,3,ssp370,163609
2091,4,ssp370,1047699
2092,1,ssp370,3782821
2092,2,ssp370,2228381
2092,3,ssp370,155440
2092,4,ssp370,970447
2093,1,ssp370,4034303
2093,2,ssp370,2338054
2093,3,ssp370,145636
2093,4,ssp370,941179
2094,1,ssp370,3754648
2094,2,ssp370,2253779
2094,3,ssp370,157567
2094,4,ssp370,947423
2095,1,ssp370,3749762
2095,2,ssp370,2123714
2095,3,ssp370,149163
2095,4,ssp370,923083
2096,1,ssp370,3741919
2096,2,ssp370,2289112
2096,3,ssp370,155453
2096,4,ssp370,917767
2097,1,ssp370,3789434
2097,2,ssp370,2309817
2097,3,ssp370,136201
2097,4,ssp370,871342
2098,1,ssp370,3829011
2098,2,ssp370,2213075
2098,3,ssp370,141225
2098,4,ssp370,892134
2099,1,ssp370,3850908
2099,2,ssp370,2148113
2099,3,ssp370,131706
2099,4,ssp370,871254
2100,1,ssp370,3796729
2100,2,ssp370,2275003
2100,3,ssp370,127081
2100,4,ssp370,892463
2015,1,ssp585,4205743
2015,2,ssp585,2974549
2015,3,ssp585,319045
2015,4,ssp585,1599110
2016,1,ssp585,4586985
2016,2,ssp585,2996626
2016,3,ssp585,327675
2016,4,ssp585,1602356
2017,1,ssp585,4533270
2017,2,ssp585,2942539
2017,3,ssp585,329511
2017,4,ssp585,1561671
2018,1,ssp585,4632361
2018,2,ssp585,2977719
2018,3,ssp585,337613
2018,4,ssp585,1526345
2019,1,ssp585,4576729
2019,2,ssp585,2902356
2019,3,ssp585,313763
2019,4,ssp585,1534284
2020,1,ssp585,4435908
2020,2,ssp585,2842352
2020,3,ssp585,327500
2020,4,ssp585,1501249
2021,1,ssp585,4540085
2021,2,ssp585,2964013
2021,3,ssp585,325608
2021,4,ssp585,1510073
2022,1,ssp585,4518891
2022,2,ssp585,2858326
2022,3,ssp585,313217
2022,4,ssp585,1509957
2023,1,ssp585,4523496
2023,2,ssp585,2922228
2023,3,ssp585,297977
2023,4,ssp585,1468111
2024,1,ssp585,4421896
2024,2,ssp585,2865221
2024,3,ssp585,296858
2024,4,ssp585,1468311
2025,1,ssp585,4476686
2025,2,ssp585,2840562
2025,3,ssp585,291851
2025,4,ssp585,1454921
2026,1,ssp585,4511111
2026,2,ssp585,2885852
2026,3,ssp585,314768
2026,4,ssp585,1496982
2027,1,ssp585,4508921
2027,2,ssp585,2927877
2027,3,ssp585,310134
2027,4,ssp585,1585357
2028,1,ssp585,4401434
2028,2,ssp585,2745875
2028,3,ssp585,296939
2028,4,ssp585,1492982
2029,1,ssp585,4407606
2029,2,ssp585,2847530
2029,3,ssp585,273035
2029,4,ssp585,1405856
2030,1,ssp585,4464911
2030,2,ssp585,2880169
2030,3,ssp585,285493
2030,4,ssp585,1502179
2031,1,ssp585,4478360
2031,2,ssp585,2817161
2031,3,ssp585,292560
2031,4,ssp585,1452524
2032,1,ssp585,4305171
2032,2,ssp585,2783432
2032,3,ssp585,276815
2032,4,ssp585,1423447
2033,1,ssp585,4454942
2033,2,ssp585,2902884
2033,3,ssp585,300978
2033,4,ssp585,1411046
2034,1,ssp585,4422073
2034,2,ssp585,2752287
2034,3,ssp585,269816
2034,4,ssp585,1465619
2035,1,ssp585,4526346
2035,2,ssp585,2815013
2035,3,ssp585,278176
2035,4,ssp585,1425921
2036,1,ssp585,4359652
2036,2,ssp585,2746990
2036,3,ssp585,294320
2036,4,ssp585,1431461
2037,1,ssp585,4277701
2037,2,ssp585,2723249
2037,3,ssp585,285837
2037,4,ssp585,1427670
2038,1,ssp585,4490459
2038,2,ssp585,2774182
2038,3,ssp585,289709
2038,4,ssp585,1438499
2039,1,ssp585,4359717
2039,2,ssp585,2821550
2039,3,ssp585,261536
2039,4,ssp585,1478675
2040,1,ssp585,4368661
2040,2,ssp585,2661166
2040,3,ssp585,281224
2040,4,ssp585,1515386
2041,1,ssp585,4407813
2041,2,ssp585,2761091
2041,3,ssp585,257422
2041,4,ssp585,1358360
2042,1,ssp585,4241524
2042,2,ssp585,2625367
2042,3,ssp585,255934
2042,4,ssp585,1357632
2043,1,ssp585,4240937
2043,2,ssp585,2682265
2043,3,ssp585,255621
2043,4,ssp585,1332295
2044,1,ssp585,4226895
2044,2,ssp585,2626244
2044,3,ssp585,265197
2044,4,ssp585,1310368
2045,1,ssp585,4186978
2045,2,ssp585,2620687
2045,3,ssp585,223001
2045,4,ssp585,1326173
2046,1,ssp585,4268642
2046,2,ssp585,2690601
2046,3,ssp585,236849
2046,4,ssp585,1333434
2047,1,ssp585,4374091
2047,2,ssp585,2813931
2047,3,ssp585,233663
2047,4,ssp585,1248554
2048,1,ssp585,4244483
2048,2,ssp585,2574447
2048,3,ssp585,228732
2048,4,ssp585,1310343
2049,1,ssp585,4252127
2049,2,ssp585,2580033
2049,3,ssp585,216860
2049,4,ssp585,1187980
2050,1,ssp585,4225284
2050,2,ssp585,2522161
2050,3,ssp585,211965
2050,4,ssp585,1231791
2051,1,ssp585,4274613
2051,2,ssp585,2651225
2051,3,ssp585,232238
2051,4,ssp585,1232919
2052,1,ssp585,4219739
2052,2,ssp585,2669802
2052,3,ssp585,223186
2052,4,ssp585,1235855
2053,1,ssp585,4245320
2053,2,ssp585,2635699
2053,3,ssp585,216588
2053,4,ssp585,1237975
2054,1,ssp585,4234825
2054,2,ssp585,2676282
2054,3,ssp585,222238
2054,4,ssp585,1215908
2055,1,ssp585,4110483
2055,2,ssp585,2576814
2055,3,ssp585,240428
2055,4,ssp585,1248715
2056,1,ssp585,4119113
2056,2,ssp585,2555857
2056,3,ssp585,205814
2056,4,ssp585,1150731
2057,1,ssp585,4122205
2057,2,ssp585,2510845
2057,3,ssp585,217168
2057,4,ssp585,1170486
2058,1,ssp585,4143195
2058,2,ssp585,2545085
2058,3,ssp585,218203
2058,4,ssp585,1257535
2059,1,ssp585,4062948
2059,2,ssp585,2463180
2059,3,ssp585,222083
2059,4,ssp585,1154751
2060,1,ssp585,3963554
2060,2,ssp585,2463938
2060,3,ssp585,194665
2060,4,ssp585,1155717
2061,1,ssp585,3996921
2061,2,ssp585,2431159
2061,3,ssp585,187145
2061,4,ssp585,1090442
2062,1,ssp585,4104967
2062,2,ssp585,2440678
2062,3,ssp585,217810
2062,4,ssp585,1185156
2063,1,ssp585,4219959
2063,2,ssp585,2429559
2063,3,ssp585,198717
2063,4,ssp585,1104915
2064,1,ssp585,4143658
2064,2,ssp585,2535769
2064,3,ssp585,194310
2064,4,ssp585,1064243
2065,1,ssp585,4041436
2065,2,ssp585,2547826
2065,3,ssp585,195262
2065,4,ssp585,1088137
2066,1,ssp585,4035611
2066,2,ssp585,2527968
2066,3,ssp585,203752
2066,4,ssp585,1084105
2067,1,ssp585,4052382
2067,2,ssp585,2356442
2067,3,ssp585,181362
2067,4,ssp585,1027429
2068,1,ssp585,3972644
2068,2,ssp585,2432815
2068,3,ssp585,183970
2068,4,ssp585,1083289
2069,1,ssp585,4002213
2069,2,ssp585,2391303
2069,3,ssp585,183212
2069,4,ssp585,1069807
2070,1,ssp585,3946118
2070,2,ssp585,2332966
2070,3,ssp585,180334
2070,4,ssp585,1011905
2071,1,ssp585,3914412
2071,2,ssp585,2381599
2071,3,ssp585,172133
2071,4,ssp585,1004746
2072,1,ssp585,4001101
2072,2,ssp585,2361545
2072,3,ssp585,173314
2072,4,ssp585,972355
2073,1,ssp585,3826918
2073,2,ssp585,2250140
2073,3,ssp585,162598
2073,4,ssp585,1029349
2074,1,ssp585,3956195
2074,2,ssp585,2261266
2074,3,ssp585,168364
2074,4,ssp585,1029263
2075,1,ssp585,3776834
2075,2,ssp585,2294398
2075,3,ssp585,168973
2075,4,ssp585,996556
2076,1,ssp585,3957401
2076,2,ssp585,2197108
2076,3,ssp585,154985
2076,4,ssp585,1048097
2077,1,ssp585,3879993
2077,2,ssp585,2241666
2077,3,ssp585,151733
2077,4,ssp585,1045528
2078,1,ssp585,3984097
2078,2,ssp585,2371535
2078,3,ssp585,157627
2078,4,ssp585,1015088
2079,1,ssp585,4032891
2079,2,ssp585,2343321
2079,3,ssp585,155135
2079,4,ssp585,967770
2080,1,ssp585,3905573
2080,2,ssp585,2146930
2080,3,ssp585,136431
2080,4,ssp585,942521
2081,1,ssp585,3704299
2081,2,ssp585,2125069
2081,3,ssp585,133022
2081,4,ssp585,887207
2082,1,ssp585,3726109
2082,2,ssp585,2130255
2082,3,ssp585,142285
2082,4,ssp585,858777
2083,1,ssp585,3623745
2083,2,ssp585,2095902
2083,3,ssp585,126710
2083,4,ssp585,869789
2084,1,ssp585,3761628
2084,2,ssp585,2181793
2084,3,ssp585,146637
2084,4,ssp585,872209
2085,1,ssp585,3652392
2085,2,ssp585,2081629
2085,3,ssp585,141183
2085,4,ssp585,827845
2086,1,ssp585,3732831
2086,2,ssp585,2033632
2086,3,ssp585,127728
2086,4,ssp585,784005
2087,1,ssp585,3707571
2087,2,ssp585,2069736
2087,3,ssp585,123769
2087,4,ssp585,777337
2088,1,ssp585,3712190
2088,2,ssp585,2107898
2088,3,ssp585,133137
2088,4,ssp585,809559
2089,1,ssp585,3588834
2089,2,ssp585,2097357
2089,3,ssp585,126746
2089,4,ssp585,844945
2090,1,ssp585,3615264
2090,2,ssp585,2084711
2090,3,ssp585,118906
2090,4,ssp585,757779
2091,1,ssp585,3605184
2091,2,ssp585,1975227
2091,3,ssp585,124979
2091,4,ssp585,754658
2092,1,ssp585,3752338
2092,2,ssp585,2138442
2092,3,ssp585,126418
2092,4,ssp585,811010
2093,1,ssp585,3575482
2093,2,ssp585,2101917
2093,3,ssp585,125092
2093,4,ssp585,823366
2094,1,ssp585,3479852
2094,2,ssp585,1993010
2094,3,ssp585,126002
2094,4,ssp585,727919
2095,1,ssp585,3491873
2095,2,ssp585,2001499
2095,3,ssp585,112183
2095,4,ssp585,786109
2096,1,ssp585,3517430
2096,2,ssp585,2052219
2096,3,ssp585,112910
2096,4,ssp585,709385
2097,1,ssp585,3474808
2097,2,ssp585,2029108
2097,3,ssp585,106116
2097,4,ssp585,749757
2098,1,ssp585,3493338
2098,2,ssp585,1992322
2098,3,ssp585,100224
2098,4,ssp585,705628
2099,1,ssp585,3603157
2099,2,ssp585,1862262
2099,3,ssp585,96265
2099,4,ssp585,661733
2100,1,ssp585,3376064
2100,2,ssp585,1817915
2100,3,ssp585,89814
2100,4,ssp585,672375
