year,ACCESS.CM2,ACCESS.ESM1.5,BCC.CSM2.MR,CanESM5,EC.Earth3,FGOALS.g3,GFDL.ESM4,INM.CM4.8,INM.CM5.0,IPSL.CM6A.LR,MIROC6,MPI.ESM1.2.HR,MPI.ESM1.2.LR,MRI.ESM2.0,NorESM2.LM,NorESM2.MM
1850,64.58,65.48,64.76,63.68,65.48,63.86,64.22,63.5,63.32,63.14,64.58,63.5,62.96,64.04,65.84,64.94
1851,64.58,65.48,64.94,63.5,65.48,63.68,64.04,63.5,63.14,63.5,64.58,63.68,63.14,64.04,66.02,64.94
1852,64.76,65.48,64.94,63.5,65.48,63.86,64.4,63.68,63.14,63.5,64.58,63.86,63.14,63.86,65.84,64.76
1853,64.76,65.48,64.94,63.68,65.48,63.68,64.4,63.68,63.14,63.5,64.58,64.04,63.5,63.86,66.02,64.94
1854,64.76,65.48,64.94,63.68,65.3,63.68,64.04,63.68,63.14,63.68,65.12,63.68,63.32,63.86,66.02,65.3
1855,64.4,65.48,64.76,63.5,65.48,63.68,64.04,63.68,63.32,63.5,65.12,63.68,62.96,64.04,65.66,65.12
1856,64.58,65.48,64.76,63.68,65.66,63.68,64.22,63.68,63.32,63.68,64.4,63.68,62.96,63.86,65.66,64.58
1857,64.58,65.48,64.94,63.68,65.66,63.5,64.22,63.68,63.32,63.68,64.4,63.68,63.14,63.86,66.02,64.76
1858,64.4,65.12,64.94,63.68,65.48,63.68,64.22,63.68,63.32,63.68,64.58,63.68,63.14,63.86,65.66,64.76
1859,64.58,65.3,65.12,63.68,65.66,63.86,64.22,63.5,63.32,63.68,64.94,63.5,63.14,64.04,65.3,64.76
1860,64.58,65.48,65.12,63.68,65.66,63.68,64.04,63.5,63.32,63.68,64.76,63.32,63.14,63.86,65.3,64.76
1861,64.4,65.48,65.12,63.5,65.66,63.68,64.04,63.32,63.32,63.68,64.58,63.32,63.32,63.86,65.48,64.58
1862,64.4,65.48,64.94,63.32,65.48,63.68,63.86,63.32,63.14,63.14,64.76,63.32,62.96,63.86,65.48,64.76
1863,64.22,65.66,65.12,63.5,65.48,63.68,64.04,63.32,63.14,63.5,64.94,63.5,63.14,64.04,66.02,64.76
1864,64.4,65.66,65.3,63.5,65.66,63.68,64.22,63.5,63.14,63.68,64.4,63.5,63.32,63.86,66.02,64.94
1865,64.22,65.48,65.12,63.32,65.66,63.86,64.4,63.5,63.14,63.68,64.4,63.68,63.14,63.86,65.48,65.12
1866,64.4,65.66,65.3,63.68,65.66,63.86,64.4,63.5,63.32,63.86,64.4,63.68,62.96,63.86,65.48,65.3
1867,64.4,65.84,65.3,63.86,65.66,63.86,64.4,63.68,63.14,63.68,64.58,63.68,62.96,64.04,65.66,65.12
1868,64.22,65.66,65.3,63.68,65.48,63.86,64.22,63.5,63.32,63.5,64.94,63.68,62.96,64.04,66.02,64.76
1869,64.22,65.48,65.12,63.68,65.66,63.68,64.22,63.5,63.32,63.5,64.94,63.68,63.14,63.86,66.02,64.76
1870,64.4,65.48,65.12,63.68,65.84,63.86,64.22,63.68,63.32,63.68,64.76,63.68,63.32,63.86,65.66,64.76
1871,64.58,65.66,65.3,63.68,65.84,63.68,64.22,63.68,63.32,63.68,64.76,63.68,63.14,64.04,65.66,64.94
1872,64.76,65.66,65.12,63.68,65.66,63.86,64.4,63.68,63.32,63.86,64.94,63.5,62.96,63.86,65.66,64.94
1873,64.4,65.66,65.3,63.68,65.84,63.68,64.22,63.5,63.32,63.86,64.94,63.68,63.14,63.5,65.48,64.94
1874,64.4,65.84,65.3,63.68,65.48,63.5,64.4,63.68,63.14,63.68,64.94,63.86,62.96,63.86,65.48,65.3
1875,64.4,65.66,65.12,63.68,65.48,63.68,64.4,63.68,63.14,63.68,64.76,63.86,62.78,64.04,65.66,64.94
1876,64.4,65.66,65.48,63.86,65.84,63.68,64.22,63.5,63.14,63.86,64.76,63.68,62.78,64.04,65.66,64.94
1877,64.58,65.66,65.48,63.68,65.66,63.68,64.22,63.5,63.32,63.68,64.58,63.68,62.96,64.04,65.84,65.3
1878,64.58,65.48,65.48,63.86,65.66,63.68,64.4,63.5,63.14,63.68,64.58,63.68,62.96,64.04,65.84,64.94
1879,64.58,65.48,65.48,63.86,65.66,63.68,64.4,63.5,63.14,63.5,64.76,63.5,63.14,63.86,65.84,64.76
1880,64.4,65.48,65.48,63.86,65.84,63.68,64.22,63.68,63.14,63.68,64.76,63.68,63.14,64.04,65.84,64.94
1881,64.4,65.48,65.48,63.68,65.84,63.68,64.22,63.68,63.14,63.5,64.76,63.68,62.96,64.04,65.66,65.3
1882,64.58,65.48,65.48,63.68,65.66,63.68,64.04,63.68,63.32,63.32,64.76,63.86,62.96,64.22,65.66,65.12
1883,64.4,65.48,65.3,63.86,65.66,63.68,64.22,63.5,63.32,63.32,64.94,63.86,63.14,63.86,65.66,64.58
1884,64.04,65.3,65.12,63.5,65.48,63.5,63.86,63.32,62.78,63.14,64.58,63.32,62.78,63.68,65.48,64.22
1885,64.04,65.3,65.12,63.5,65.3,63.5,63.86,63.32,62.96,63.14,64.4,63.32,62.78,63.68,65.66,64.22
1886,64.04,65.48,65.12,63.5,65.48,63.68,63.86,63.5,62.96,63.32,64.58,63.32,62.78,63.86,65.48,64.58
1887,64.22,65.48,64.94,63.68,65.3,63.5,64.04,63.5,62.78,63.14,64.58,63.5,62.96,63.68,65.48,64.76
1888,64.22,65.48,65.3,63.86,65.48,63.68,64.4,63.5,62.96,63.32,64.76,63.68,63.14,63.86,65.66,64.94
1889,64.22,65.48,65.12,63.86,65.48,63.68,64.4,63.68,63.14,63.32,64.58,63.68,63.32,63.68,65.66,64.76
1890,64.4,65.48,65.3,63.68,65.48,63.68,64.4,63.68,63.14,63.5,64.58,63.68,63.32,63.86,65.84,64.58
1891,64.4,65.48,65.3,63.5,65.66,63.68,64.4,63.68,63.14,63.5,64.58,63.68,62.96,63.86,66.02,64.76
1892,64.04,65.48,65.12,63.68,65.84,63.86,64.4,63.68,63.14,63.5,64.58,63.68,62.96,63.86,65.66,64.76
1893,64.22,65.48,65.3,63.68,65.48,63.68,64.4,63.68,63.14,63.32,64.76,63.5,63.14,64.04,65.66,64.76
1894,64.4,65.3,65.3,63.68,65.48,63.86,64.4,63.68,63.14,63.68,64.76,63.5,63.14,64.04,66.02,64.76
1895,64.4,65.48,65.48,64.04,65.66,63.68,64.58,63.68,63.14,63.68,64.58,63.5,63.14,64.22,66.02,64.76
1896,64.58,65.48,65.48,63.86,65.48,63.68,64.58,63.68,63.32,63.32,64.58,63.5,63.32,64.22,65.66,64.94
1897,64.58,65.48,65.3,63.86,65.66,63.68,64.58,63.68,63.14,63.5,64.76,63.5,63.32,64.04,65.84,64.94
1898,64.58,65.66,65.3,63.86,65.66,63.68,64.58,63.68,63.32,63.5,64.76,63.5,62.96,64.22,65.84,64.94
1899,64.58,65.66,65.12,63.86,65.84,63.86,64.58,63.68,63.32,63.68,64.76,63.5,62.96,63.86,65.84,65.12
1900,64.58,65.84,65.3,63.86,65.66,63.68,64.76,63.68,63.5,63.68,64.94,63.68,62.96,63.86,65.66,65.12
1901,64.4,65.66,65.3,63.86,65.48,63.68,64.4,63.68,63.5,63.5,64.94,63.68,63.14,64.22,65.84,64.94
1902,64.58,65.3,65.12,63.86,65.48,63.86,64.4,63.68,63.5,63.68,64.76,63.68,63.14,64.04,65.84,64.94
1903,64.4,65.48,65.12,63.68,65.48,63.68,64.4,63.5,63.14,63.68,64.22,63.32,62.96,63.86,65.84,64.94
1904,64.4,65.48,65.12,63.68,65.48,63.5,64.76,63.5,63.32,63.5,64.4,63.32,62.96,64.04,66.02,64.76
1905,64.4,65.3,65.12,63.5,65.48,63.5,64.58,63.68,63.5,63.5,64.4,63.5,63.14,64.04,65.84,64.58
1906,64.4,65.48,64.94,63.68,65.48,63.5,64.4,63.68,63.5,63.32,64.58,63.5,63.14,64.04,65.84,64.58
1907,64.4,65.48,65.12,63.68,65.66,63.68,64.58,63.5,63.5,63.5,64.58,63.5,62.96,63.86,65.66,64.58
1908,64.22,65.48,65.12,63.68,65.48,63.68,64.58,63.68,63.5,63.86,64.94,63.68,62.96,64.04,65.84,64.76
1909,64.4,65.48,65.12,63.86,65.48,63.68,64.76,63.68,63.32,63.68,65.12,63.86,62.78,64.22,65.84,64.58
1910,64.58,65.66,65.12,64.04,65.48,63.68,64.76,63.68,63.32,63.68,64.76,63.68,63.14,64.04,65.66,64.76
1911,64.4,65.84,65.12,64.04,65.48,63.86,64.76,63.68,63.5,63.86,64.76,63.5,63.14,64.04,65.48,65.12
1912,64.22,65.66,65.12,63.86,65.3,63.68,64.4,63.68,63.32,63.68,64.58,63.5,63.14,64.04,65.84,65.12
1913,64.22,65.48,65.12,63.5,65.48,63.5,64.22,63.5,63.32,63.5,64.58,63.68,63.32,64.04,65.66,65.12
1914,64.04,65.66,65.3,63.5,65.48,63.5,64.58,63.5,63.32,63.5,64.58,63.68,63.32,63.86,65.3,65.12
1915,64.22,65.84,65.12,63.68,65.48,63.86,64.58,63.68,63.5,63.86,64.76,63.68,63.14,63.86,65.66,64.76
1916,64.58,65.84,65.12,63.86,65.66,63.86,64.58,63.68,63.5,63.86,64.94,63.68,62.96,63.86,65.84,64.76
1917,64.22,65.66,65.12,63.86,65.84,63.86,64.58,63.68,63.5,63.68,65.12,63.86,62.78,63.86,65.66,64.76
1918,64.4,65.66,65.12,63.86,65.84,64.04,64.58,63.68,63.68,63.68,64.94,63.86,62.78,63.86,65.84,64.94
1919,64.4,65.3,65.3,63.68,65.66,64.04,64.94,63.68,63.68,63.5,64.58,63.68,62.96,64.04,66.2,65.12
1920,64.22,65.48,65.12,63.86,65.84,63.68,64.76,63.68,63.68,63.68,64.58,63.68,63.32,63.86,66.02,65.12
1921,64.22,65.66,65.3,63.68,65.66,63.86,64.4,63.68,63.5,63.86,64.76,63.68,63.14,64.04,65.84,64.94
1922,64.22,65.3,65.12,63.68,65.66,63.68,64.58,63.86,63.5,63.32,64.76,63.68,63.32,64.04,65.84,64.58
1923,64.4,65.48,65.12,63.86,65.48,63.68,64.76,63.86,63.68,63.5,64.94,63.68,63.14,64.04,66.02,64.58
1924,64.4,65.66,65.12,64.04,65.84,63.86,64.58,63.68,63.68,63.86,64.94,63.68,63.14,63.86,66.02,64.58
1925,64.4,65.66,65.3,64.04,65.66,63.86,64.58,63.68,63.5,63.5,64.94,63.86,63.14,63.68,65.84,64.4
1926,64.4,65.66,65.3,63.86,65.66,63.86,64.58,63.86,63.68,63.68,64.76,64.04,63.32,63.86,65.84,64.58
1927,64.58,65.66,65.3,63.68,65.66,64.04,64.76,63.86,63.68,63.5,64.76,63.86,63.32,64.04,66.02,64.76
1928,64.58,65.48,65.3,64.04,65.66,63.86,64.76,63.86,63.68,63.68,64.76,64.04,63.5,64.04,66.02,64.76
1929,64.76,65.48,65.12,64.04,65.66,63.68,64.58,63.86,63.68,63.86,64.76,63.86,63.32,64.04,65.84,64.94
1930,64.4,65.48,65.3,64.04,65.48,63.86,64.58,64.04,63.68,63.68,64.76,63.86,63.32,64.04,65.84,65.12
1931,64.4,65.48,65.12,63.86,65.3,63.86,64.76,63.86,63.5,63.32,64.76,64.04,63.32,63.86,65.84,65.12
1932,64.58,65.48,65.3,63.86,65.3,63.68,64.76,63.86,63.5,63.86,64.76,63.86,63.32,63.86,65.84,64.58
1933,64.58,65.3,65.12,64.04,65.3,63.86,64.76,63.86,63.32,63.86,64.76,63.86,63.32,64.04,65.48,64.94
1934,64.76,65.48,65.12,63.86,65.48,63.86,64.58,64.04,63.5,63.86,64.76,64.04,63.32,64.04,65.66,65.12
1935,64.76,65.48,64.94,63.86,65.48,63.86,64.58,63.86,63.5,63.68,64.94,64.22,63.32,64.22,66.02,64.94
1936,64.76,65.48,65.12,63.68,65.66,64.04,64.58,63.86,63.5,63.86,64.94,64.4,63.14,64.22,65.84,64.76
1937,64.58,65.66,65.12,63.86,65.48,63.86,64.4,63.86,63.5,64.04,65.12,64.22,63.32,64.22,65.84,64.94
1938,64.76,65.48,65.3,64.04,65.48,64.04,64.58,64.04,63.5,64.04,65.12,64.04,63.32,64.22,65.84,64.94
1939,64.76,65.66,65.3,64.22,65.48,64.04,64.58,64.04,63.5,63.86,64.76,63.86,63.14,64.04,65.84,65.12
1940,64.76,65.48,65.3,64.22,65.48,64.04,64.58,64.04,63.68,63.68,64.76,63.86,63.5,64.22,66.02,65.12
1941,64.94,65.48,65.3,64.04,65.48,64.22,64.4,64.04,63.68,64.04,64.76,63.86,63.5,64.04,65.84,65.12
1942,64.76,65.66,65.3,63.86,65.3,64.22,64.58,64.04,63.68,64.22,64.94,64.04,63.68,64.04,65.66,65.12
1943,64.58,65.66,65.48,64.04,65.3,64.04,64.58,64.04,63.5,64.22,65.12,64.04,63.68,64.04,65.66,64.94
1944,64.76,65.66,65.3,64.04,65.48,64.22,64.58,64.04,63.5,64.04,65.48,64.04,63.32,64.22,65.84,64.76
1945,64.76,65.66,65.3,64.04,65.48,64.04,64.22,64.04,63.5,64.04,65.12,63.86,63.5,64.22,65.84,64.94
1946,64.76,65.66,65.48,64.04,65.3,64.04,64.4,64.04,63.68,64.04,64.58,63.86,63.5,64.4,66.02,64.94
1947,64.58,65.48,65.3,64.04,65.3,64.22,64.58,64.04,63.86,64.04,64.76,64.04,63.5,64.4,66.02,64.94
1948,64.58,65.48,65.48,64.22,65.48,64.22,64.58,64.04,63.68,64.04,65.12,64.22,63.32,64.4,65.84,65.12
1949,64.58,65.66,65.48,64.22,65.48,64.22,64.58,64.04,63.68,64.04,64.94,64.04,63.32,64.4,65.84,65.12
1950,64.58,65.48,65.48,64.22,65.48,64.4,64.58,64.04,63.68,63.86,64.94,64.04,63.5,64.4,66.02,65.12
1951,64.76,65.66,65.66,64.22,65.48,64.22,64.4,64.04,63.68,64.22,64.94,64.04,63.68,64.22,65.84,65.3
1952,64.76,65.66,65.48,64.04,65.48,64.04,64.4,64.04,63.5,64.4,64.94,64.04,63.68,64.22,65.84,65.12
1953,64.76,65.66,65.48,63.86,65.84,64.04,64.58,64.04,63.5,64.22,64.76,63.86,63.32,63.86,65.84,65.12
1954,64.58,65.66,65.66,63.86,65.84,64.22,64.58,64.04,63.68,64.04,64.94,63.68,63.32,64.22,66.02,65.12
1955,64.58,65.66,65.48,64.04,65.48,64.22,64.22,64.04,63.68,64.22,65.12,63.68,63.32,64.4,66.38,64.94
1956,64.4,65.48,65.66,64.04,65.66,64.4,64.4,64.04,63.86,64.4,65.12,64.04,63.32,64.04,65.84,64.76
1957,64.76,65.48,65.48,64.04,65.84,64.22,64.4,64.04,63.86,64.4,65.12,63.86,63.32,64.22,66.02,64.76
1958,64.76,65.66,65.66,64.04,65.84,64.22,64.58,64.04,63.68,64.22,64.94,63.86,63.32,64.22,66.2,64.94
1959,64.58,65.66,65.66,64.04,65.84,64.4,64.58,64.22,63.68,64.22,64.76,64.04,63.5,64.22,66.02,65.12
1960,64.76,65.3,65.48,64.22,65.84,64.22,64.58,64.22,63.5,64.22,64.76,64.22,63.68,64.22,65.66,65.12
1961,64.76,65.66,65.48,64.22,65.84,64.22,64.4,64.04,63.68,64.22,64.94,64.04,63.68,64.04,65.66,65.3
1962,64.58,65.84,65.48,64.04,65.48,64.22,64.58,64.04,63.68,64.4,65.3,63.86,63.32,64.22,65.84,65.3
1963,64.4,65.66,65.48,63.68,65.48,64.04,64.22,63.86,63.5,64.04,65.12,63.86,63.14,64.22,65.66,64.94
1964,64.22,65.3,65.3,63.86,65.3,63.68,63.86,63.68,63.5,64.04,64.58,63.86,63.14,64.04,65.66,64.58
1965,64.22,65.48,65.3,64.04,65.66,64.04,64.04,63.86,63.5,64.04,64.4,63.86,63.32,64.04,66.02,64.58
1966,64.4,65.48,65.48,64.04,65.66,64.04,64.4,64.04,63.5,64.04,64.58,63.86,63.32,64.04,66.02,64.58
1967,64.4,65.12,65.48,63.86,65.48,63.86,64.4,64.04,63.5,64.04,64.76,63.68,63.5,64.04,65.3,64.22
1968,64.76,65.48,65.48,64.04,65.3,64.04,64.4,64.04,63.5,64.22,65.12,63.86,63.5,64.04,65.3,64.4
1969,64.58,65.66,65.48,63.86,65.48,64.04,64.4,64.04,63.5,64.22,64.58,64.04,63.32,63.86,65.48,64.4
1970,64.58,65.66,65.48,63.86,65.48,64.04,64.4,63.86,63.5,64.04,64.76,64.22,63.32,64.04,65.66,64.58
1971,64.4,65.48,65.3,63.86,65.3,64.22,64.4,64.04,63.5,64.04,64.76,64.22,63.32,64.22,65.84,64.58
1972,64.76,65.48,65.3,63.86,65.3,64.22,64.58,63.86,63.5,64.4,64.76,63.86,63.32,64.04,65.66,64.94
1973,64.76,65.66,65.3,64.22,65.66,64.22,64.58,63.86,63.5,64.22,64.94,63.86,63.5,64.04,65.66,64.94
1974,64.58,65.48,65.48,64.4,66.02,64.22,64.4,63.86,63.5,63.86,65.12,63.86,63.5,64.22,65.84,65.12
1975,64.58,65.48,65.48,64.22,65.84,64.04,64.4,64.04,63.5,64.04,64.94,63.86,63.14,64.22,65.3,65.3
1976,64.58,65.48,65.48,64.22,65.66,64.22,64.58,64.04,63.68,64.22,64.76,64.22,63.14,63.86,65.66,64.76
1977,64.58,65.66,65.48,64.4,65.84,64.22,64.76,64.04,63.68,64.22,64.94,64.04,63.32,64.04,65.84,64.94
1978,64.58,65.48,65.48,64.4,65.66,64.04,64.76,64.04,63.68,64.22,65.12,64.04,63.32,64.22,65.66,65.3
1979,64.76,65.66,65.48,64.04,65.66,64.22,64.58,64.22,63.86,64.22,64.94,64.22,63.5,64.22,65.66,65.3
1980,64.58,65.84,65.48,64.4,65.84,64.4,64.4,64.04,63.68,64.4,64.76,64.4,63.68,64.22,65.84,64.94
1981,64.76,65.66,65.84,64.4,65.84,64.4,64.76,64.04,63.68,64.4,64.76,64.22,63.68,64.22,66.02,65.12
1982,64.58,65.66,65.66,64.58,65.84,64.22,64.76,64.22,63.68,64.04,65.12,64.04,63.68,64.4,66.2,64.76
1983,64.58,65.66,65.66,64.4,65.66,64.22,64.4,63.86,63.32,63.86,65.12,64.04,63.5,64.22,66.02,64.76
1984,64.76,65.66,65.48,64.4,65.66,64.04,64.22,63.86,63.32,63.86,65.3,64.22,63.68,64.22,65.84,64.76
1985,64.76,65.48,65.48,64.4,65.84,64.22,64.4,64.22,63.5,63.86,65.12,64.22,63.86,64.4,65.84,64.76
1986,64.94,65.48,65.48,64.4,65.84,64.04,64.58,64.04,63.68,64.22,64.94,64.4,63.68,64.4,65.84,64.94
1987,64.76,65.66,65.66,64.58,66.02,64.4,64.58,64.04,63.68,64.58,65.12,64.4,63.68,64.22,65.66,64.58
1988,64.76,65.66,65.66,64.58,65.84,64.4,64.58,64.22,63.86,64.94,65.12,64.22,63.5,64.4,65.84,64.94
1989,64.94,65.66,65.84,64.58,66.02,64.22,64.76,64.4,63.86,64.94,64.94,64.22,63.68,64.22,66.02,65.3
1990,65.12,65.66,65.66,64.58,66.2,64.58,65.12,64.58,64.04,64.4,65.12,64.4,64.04,64.22,66.02,65.84
1991,64.94,65.66,65.66,64.58,66.2,64.58,64.94,64.58,64.04,64.4,65.12,64.4,63.86,64.4,66.2,65.48
1992,64.4,65.66,65.48,64.4,65.66,64.22,64.22,64.04,63.68,64.22,64.94,64.04,63.68,64.04,65.66,64.94
1993,64.58,65.66,65.48,64.22,66.02,64.04,64.4,63.86,63.32,64.22,65.12,64.04,63.68,64.22,65.48,65.12
1994,64.76,65.48,65.66,64.58,65.84,64.22,64.58,64.22,63.68,64.4,65.12,64.22,63.68,64.22,65.66,65.48
1995,64.76,65.84,65.66,64.58,66.02,64.22,64.76,64.4,63.86,64.58,64.76,64.22,63.68,64.4,65.84,65.3
1996,64.94,66.02,65.66,64.76,66.02,64.58,64.58,64.4,63.86,64.76,64.94,64.22,64.04,64.22,66.02,65.48
1997,64.76,66.2,65.84,64.94,66.02,64.76,64.76,64.58,64.04,64.58,65.12,64.22,64.04,64.4,66.2,65.12
1998,64.76,66.38,65.66,64.94,66.38,64.58,64.76,64.58,64.04,64.58,65.12,64.4,64.04,64.58,66.2,64.76
1999,65.12,66.38,65.84,65.12,66.2,64.76,64.94,64.76,64.04,64.58,65.48,64.4,64.04,64.4,66.38,64.58
2000,65.12,66.38,66.02,64.94,66.38,64.76,65.12,64.58,64.04,64.76,65.3,64.58,64.04,64.58,66.56,64.58
2001,65.12,66.56,66.2,65.12,66.38,64.76,65.12,64.58,64.22,64.58,65.12,64.58,64.04,64.76,66.38,65.12
2002,65.12,66.56,66.2,65.12,66.56,64.94,65.12,64.58,64.22,64.58,65.12,64.4,64.04,64.4,66.02,65.3
2003,65.3,66.38,66.02,65.12,66.56,64.94,65.12,64.76,64.4,64.58,65.48,64.58,64.4,64.58,66.02,65.66
2004,65.12,66.38,66.02,65.12,66.56,65.12,65.12,64.76,64.4,64.76,65.66,64.4,64.22,64.76,66.2,66.02
2005,65.12,66.56,66.02,65.12,66.92,65.12,64.94,64.76,64.4,64.94,65.48,64.4,64.04,64.94,66.02,66.02
2006,65.12,66.38,66.02,64.94,66.92,64.94,64.94,64.76,64.4,64.94,65.3,64.58,64.04,64.94,66.2,65.48
2007,64.94,66.2,66.02,65.12,66.92,64.94,64.94,64.58,64.22,64.58,65.48,64.58,64.22,64.76,66.38,65.12
2008,65.12,66.56,66.02,65.12,66.92,64.94,65.12,64.76,64.22,64.76,65.84,64.58,64.4,64.94,66.56,65.12
2009,65.12,66.56,66.02,65.3,66.92,65.12,65.12,64.94,64.22,65.3,65.66,64.76,64.22,64.76,66.56,65.48
2010,65.48,66.56,66.02,65.66,66.92,64.94,65.12,64.94,64.22,65.3,65.3,64.76,64.22,64.58,66.56,65.48
2011,65.48,66.56,66.2,65.48,66.92,64.94,65.12,64.76,64.22,64.94,65.3,64.94,64.22,64.76,66.56,65.3
2012,65.48,66.56,66.2,65.3,67.1,65.12,65.48,64.94,64.22,65.12,65.66,64.94,64.22,64.76,66.56,65.48
2013,65.3,66.74,66.2,65.66,67.1,64.94,65.48,64.76,64.22,65.12,66.02,64.94,64.22,64.94,66.74,65.84
2014,65.48,66.92,66.2,65.66,67.28,65.12,65.3,64.76,64.22,64.94,65.66,64.94,64.22,64.76,66.92,66.02
2015,65.84,66.74,66.38,65.48,67.28,65.12,65.12,64.76,64.4,65.12,65.3,64.76,64.22,64.94,66.56,66.02
2016,65.84,66.56,66.38,65.66,67.28,65.3,65.48,64.94,64.4,65.66,65.3,64.94,64.22,65.12,66.56,66.02
2017,65.84,66.74,66.38,65.84,67.1,65.3,65.66,65.12,64.4,65.66,65.48,64.94,64.22,65.3,66.56,65.84
2018,66.02,66.92,66.56,65.84,67.28,65.12,65.48,65.12,64.4,65.48,65.66,65.12,64.4,65.3,66.56,65.66
2019,66.2,66.74,66.56,65.84,67.28,65.48,65.48,64.94,64.58,65.3,65.66,65.12,64.22,65.3,66.74,65.84
2020,66.2,66.74,66.56,65.84,67.1,65.3,65.48,65.12,64.58,65.48,66.02,65.12,64.22,65.12,66.92,65.84
2021,66.2,66.92,66.74,65.84,67.28,65.3,65.66,65.12,64.58,65.66,65.84,65.12,64.4,65.48,66.74,65.84
2022,66.02,66.74,66.74,65.84,67.46,65.48,65.66,65.12,64.76,65.3,65.48,65.12,64.58,65.48,66.92,65.66
2023,66.2,66.92,66.74,66.2,67.28,65.3,65.48,65.3,64.76,65.3,65.84,65.12,64.76,65.3,66.92,65.84
2024,66.02,66.92,66.74,66.02,67.28,65.12,65.48,65.3,64.76,65.48,66.02,65.12,64.58,65.66,66.92,66.2
2025,66.2,67.1,66.92,66.02,67.46,65.48,65.66,65.3,64.76,65.48,66.2,65.12,64.58,65.66,66.74,66.2
2026,66.2,67.28,66.74,66.2,67.46,65.48,65.66,65.3,64.94,65.48,66.2,65.12,64.58,65.66,66.92,65.84
2027,66.56,67.28,66.92,66.2,67.64,65.48,65.48,65.48,64.94,65.66,66.02,65.12,64.58,65.84,66.92,65.66
2028,66.38,67.28,66.92,66.38,67.82,65.66,65.84,65.48,64.94,65.84,66.2,65.12,64.76,65.84,67.28,65.84
2029,66.38,67.64,66.92,66.38,67.82,65.66,65.84,65.48,64.94,66.2,66.56,65.3,64.58,65.84,67.1,66.02
2030,66.56,67.64,66.92,66.38,67.64,65.48,65.66,65.48,64.94,66.02,66.38,65.48,64.58,65.84,67.28,66.38
2031,66.74,67.64,67.1,66.56,67.82,65.66,65.84,65.48,64.94,65.66,65.84,65.48,64.76,66.02,67.28,66.56
2032,66.38,67.46,67.1,66.74,68,65.66,66.02,65.66,64.94,65.66,65.84,65.3,64.76,66.02,66.92,66.2
2033,66.56,67.46,67.1,66.92,67.82,65.48,65.84,65.66,65.12,65.66,66.02,65.3,64.58,65.84,67.28,66.2
2034,66.56,67.64,67.28,66.74,67.82,65.66,65.66,65.66,65.12,65.84,66.02,65.48,64.58,65.84,67.28,66.56
2035,66.56,67.64,67.1,66.74,68,65.66,65.66,65.66,65.12,65.66,66.38,65.48,64.76,66.02,66.92,66.56
2036,66.74,67.82,67.28,66.92,68.18,65.66,66.2,65.66,65.3,65.84,66.38,65.48,64.76,66.02,67.1,66.38
2037,66.92,67.82,67.46,66.92,68,65.48,66.02,65.66,65.3,65.84,66.2,65.48,64.76,66.2,67.46,66.02
2038,66.74,67.82,67.46,66.92,68.18,65.66,66.02,65.84,65.48,66.38,66.2,65.66,64.94,66.2,67.46,66.38
2039,66.74,68.18,67.64,67.1,68.54,65.66,66.02,65.84,65.3,66.2,66.38,65.48,64.76,66.38,66.92,66.56
2040,66.92,68,67.64,67.28,68.54,65.84,66.2,65.84,65.48,66.38,66.74,65.48,65.12,66.38,66.92,66.92
2041,67.1,67.82,67.64,67.28,68.72,65.84,66.02,65.84,65.48,66.38,66.56,65.48,65.12,66.74,67.1,66.74
2042,67.1,67.82,67.64,67.28,68.36,65.66,66.2,65.84,65.48,66.56,66.38,65.66,65.3,66.56,67.82,66.56
2043,67.28,68.18,67.82,67.64,68.54,65.84,66.38,66.02,65.66,66.92,66.56,65.84,65.3,66.56,67.82,66.56
2044,67.28,68,67.82,67.64,68.54,65.84,66.56,66.02,65.66,66.92,66.74,65.66,65.3,66.56,67.46,66.74
2045,67.46,68.18,67.82,67.64,68.72,66.02,66.56,66.02,65.66,66.74,66.92,65.66,65.12,66.56,67.82,66.92
2046,67.46,68.36,68,67.82,69.08,66.02,66.38,66.2,65.66,66.74,66.92,65.66,65.3,66.74,67.64,67.28
2047,67.46,68.36,68,68,69.08,66.02,66.38,66.2,65.66,67.1,66.56,65.66,65.3,66.92,67.64,67.28
2048,67.46,68.18,68,67.64,68.72,66.2,66.74,66.38,65.84,67.1,66.56,66.02,65.3,66.74,68,67.28
2049,67.64,68.36,68.18,67.82,68.9,66.2,66.74,66.38,65.84,66.92,66.92,66.2,65.3,66.92,68.18,67.1
2050,67.82,68.36,68.18,68,69.08,66.56,66.38,66.38,65.84,67.1,67.28,66.02,65.48,66.92,67.82,66.74
2051,67.64,68.36,68.18,68.18,69.08,66.38,66.74,66.38,66.02,67.28,66.92,66.02,65.48,66.56,67.82,66.74
2052,67.82,68.72,68,68.18,69.26,66.38,66.74,66.38,66.02,67.46,66.74,66.02,65.48,66.74,67.46,67.28
2053,68.18,68.9,68.18,68.36,68.9,66.56,66.74,66.56,66.2,67.46,66.92,66.02,65.66,66.92,67.28,67.46
2054,68,68.9,68.18,68.36,68.9,66.74,66.92,66.74,66.02,67.28,67.1,66.38,65.84,66.74,67.64,66.92
2055,68,69.08,68.36,68.54,69.08,66.74,66.92,66.74,66.2,67.46,67.46,66.2,65.66,67.1,68,66.74
2056,68.18,69.08,68.36,68.72,69.26,66.74,66.92,66.74,66.2,67.82,67.28,66.38,65.48,67.1,68,66.92
2057,68.36,68.9,68.54,68.9,69.26,66.56,66.92,66.74,66.38,67.82,67.64,66.38,65.66,67.1,67.82,67.28
2058,68.54,69.08,68.54,68.9,69.26,66.74,66.92,66.74,66.2,67.82,67.28,66.38,65.84,67.1,68,67.82
2059,68.54,69.08,68.72,69.08,69.62,66.92,67.1,66.74,66.38,67.82,67.1,66.38,65.84,67.28,68.36,68
2060,68.54,69.26,68.9,69.08,69.98,66.74,67.1,66.92,66.38,68,67.1,66.56,66.02,67.28,68.72,67.82
2061,68.72,69.08,68.72,69.26,69.44,66.92,67.28,67.1,66.38,67.82,67.28,66.74,66.2,67.1,68.36,67.82
2062,68.72,69.08,68.72,69.26,69.62,67.1,67.28,67.28,66.56,68,67.46,66.56,66.2,67.46,68.18,67.82
2063,68.9,69.26,68.9,69.26,69.62,66.74,67.28,67.1,66.56,68.18,67.82,66.56,66.02,67.46,68.54,67.64
2064,69.08,69.26,68.9,69.44,69.98,66.92,67.64,67.1,66.38,68.36,67.46,66.56,66.2,67.64,68.54,67.64
2065,68.9,69.44,69.08,69.62,69.62,66.92,67.46,67.28,66.38,68.18,67.28,66.92,66.38,67.82,68.18,67.64
2066,68.9,69.44,69.08,69.8,69.98,66.92,67.46,67.46,66.56,68.72,67.64,66.74,66.38,67.64,68.36,67.82
2067,69.26,69.44,69.08,69.98,70.34,67.1,67.64,67.46,66.74,68.72,67.82,66.56,66.2,68,68.9,68
2068,69.08,69.62,69.08,69.8,70.52,67.1,67.46,67.28,66.74,68.72,67.64,66.74,66.2,68,68.72,67.82
2069,69.62,69.8,69.44,69.98,70.16,67.1,67.64,67.46,66.92,68.72,68,66.92,66.38,67.82,68.72,68
2070,69.62,69.62,69.44,70.34,70.34,67.28,67.82,67.46,66.92,68.9,68.18,67.1,66.92,67.82,68.9,68.18
2071,69.8,69.98,69.26,70.52,70.88,67.1,67.82,67.64,66.92,69.26,67.82,66.92,66.74,67.82,69.26,68
2072,69.62,69.98,69.44,70.16,70.52,67.28,67.64,67.82,66.92,69.08,68,67.1,66.38,68,69.26,68.36
2073,69.8,70.34,69.44,70.7,70.52,67.28,68,67.64,67.1,69.08,68,67.28,66.38,68.18,69.08,68.54
2074,69.98,70.16,69.44,70.7,70.7,67.46,68,67.82,67.1,69.08,68.18,67.28,66.92,68.18,68.9,68.18
2075,69.98,69.98,69.44,70.7,71.24,67.28,68,67.82,67.1,69.08,68.36,67.28,67.28,68.18,69.08,68.18
2076,69.98,69.98,69.62,70.7,70.88,67.28,67.82,67.64,67.1,69.26,68.18,67.28,66.92,68.36,69.26,68.72
2077,69.8,70.34,69.44,70.88,70.88,67.46,68.18,67.82,67.1,69.44,67.82,67.28,66.92,68.36,69.26,68.72
2078,70.16,70.34,69.62,71.06,71.24,67.64,68.36,67.82,67.28,69.8,68.18,67.28,67.1,68.54,68.9,68.54
2079,70.34,70.16,69.62,71.06,71.6,67.64,68.18,68,67.28,69.8,68.54,67.46,67.1,68.54,69.08,68.54
2080,70.52,70.52,69.8,71.42,71.06,67.82,68.18,68,67.1,70.34,68.9,67.64,67.1,68.72,69.62,68.72
2081,70.52,70.88,69.98,71.6,71.24,67.82,68.54,68,67.28,70.34,69.08,67.64,67.1,68.72,69.62,68.72
2082,70.7,70.88,69.8,71.42,71.78,67.82,68.54,68,67.28,69.98,68.54,67.64,67.1,68.9,69.62,68.72
2083,70.7,70.7,69.8,71.42,71.78,67.82,68.36,68,67.28,70.34,68.54,68,67.46,68.9,69.62,69.08
2084,70.88,70.88,69.8,71.6,71.6,68,68.54,68,67.28,70.34,68.54,67.64,67.46,69.08,69.62,69.62
2085,71.06,70.7,69.98,71.78,71.78,67.82,68.54,68,67.46,70.34,68.9,67.82,67.64,69.26,69.98,69.44
2086,71.06,71.06,69.98,71.78,72.32,67.82,68.72,68.18,67.64,70.52,69.08,67.82,67.64,69.26,69.98,69.44
2087,71.06,71.06,69.98,71.96,72.32,68,68.54,68.36,67.46,70.88,68.9,68,67.64,69.26,70.16,69.44
2088,71.24,70.88,70.16,72.14,71.96,68,68.72,68.36,67.46,70.88,68.9,68,67.64,69.08,70.16,69.44
2089,71.24,71.06,69.98,72.32,72.14,68,69.26,68.36,67.64,71.06,69.26,68,67.82,69.08,69.8,69.44
2090,71.24,71.24,69.98,72.32,72.5,68,68.9,68.36,67.64,71.24,69.44,68.18,67.82,69.26,70.16,69.44
2091,71.42,71.42,70.16,72.68,72.68,68.18,69.08,68.54,67.64,71.24,69.26,68.54,67.82,69.44,70.34,69.26
2092,71.42,71.42,70.16,72.86,72.5,68,69.08,68.72,67.82,71.24,69.08,68.36,67.82,69.44,70.16,69.26
2093,71.6,71.42,70.34,72.68,72.5,68.36,69.08,68.72,67.82,71.06,69.26,68.36,67.82,69.44,70.52,69.62
2094,71.78,71.6,70.34,72.86,72.86,68.18,69.08,68.72,67.82,71.42,69.62,68.54,67.82,69.8,70.7,69.8
2095,71.96,71.6,70.52,73.04,73.22,68.36,69.26,68.72,68,71.78,69.62,68.54,68,69.62,70.52,69.62
2096,72.14,71.6,70.52,73.22,73.04,68.54,69.26,68.9,68,71.78,69.44,68.72,68,69.8,70.34,69.8
2097,72.14,71.6,70.52,73.22,73.22,68.36,69.08,68.9,68.18,71.6,69.8,68.72,68.18,69.98,70.52,70.16
2098,72.32,71.6,70.52,73.22,73.4,68.54,69.44,68.9,68.36,71.96,70.16,68.72,68.36,69.62,70.52,69.98
2099,72.32,71.78,70.7,73.58,73.76,68.72,69.62,68.9,68.36,72.32,69.98,68.9,68.36,69.8,70.16,69.98
2100,72.5,71.78,70.7,73.58,73.76,68.54,69.62,68.9,68.36,72.14,69.98,68.9,68.18,70.16,70.34,70.16
