year,ssp126,ssp245,ssp370,ssp585
1850,64.22,64.22,64.22,64.22
1851,64.22,64.22,64.22,64.22
1852,64.4,64.4,64.4,64.4
1853,64.4,64.4,64.4,64.4
1854,64.4,64.4,64.4,64.4
1855,64.4,64.4,64.4,64.4
1856,64.22,64.22,64.22,64.22
1857,64.22,64.22,64.22,64.22
1858,64.22,64.22,64.22,64.22
1859,64.22,64.22,64.22,64.22
1860,64.22,64.22,64.22,64.22
1861,64.22,64.22,64.22,64.22
1862,64.22,64.22,64.22,64.22
1863,64.22,64.22,64.22,64.22
1864,64.4,64.4,64.4,64.4
1865,64.4,64.4,64.4,64.4
1866,64.4,64.4,64.4,64.4
1867,64.4,64.4,64.4,64.4
1868,64.4,64.4,64.4,64.4
1869,64.4,64.4,64.4,64.4
1870,64.4,64.4,64.4,64.4
1871,64.4,64.4,64.4,64.4
1872,64.4,64.4,64.4,64.4
1873,64.4,64.4,64.4,64.4
1874,64.4,64.4,64.4,64.4
1875,64.4,64.4,64.4,64.4
1876,64.4,64.4,64.4,64.4
1877,64.4,64.4,64.4,64.4
1878,64.4,64.4,64.4,64.4
1879,64.4,64.4,64.4,64.4
1880,64.4,64.4,64.4,64.4
1881,64.4,64.4,64.4,64.4
1882,64.4,64.4,64.4,64.4
1883,64.22,64.22,64.22,64.22
1884,64.04,64.04,64.04,64.04
1885,64.04,64.04,64.04,64.04
1886,64.04,64.04,64.04,64.04
1887,64.04,64.04,64.04,64.04
1888,64.22,64.22,64.22,64.22
1889,64.22,64.22,64.22,64.22
1890,64.4,64.4,64.4,64.4
1891,64.22,64.22,64.22,64.22
1892,64.22,64.22,64.22,64.22
1893,64.22,64.22,64.22,64.22
1894,64.4,64.4,64.4,64.4
1895,64.4,64.4,64.4,64.4
1896,64.4,64.4,64.4,64.4
1897,64.4,64.4,64.4,64.4
1898,64.4,64.4,64.4,64.4
1899,64.4,64.4,64.4,64.4
1900,64.4,64.4,64.4,64.4
1901,64.4,64.4,64.4,64.4
1902,64.4,64.4,64.4,64.4
1903,64.22,64.22,64.22,64.22
1904,64.22,64.22,64.22,64.22
1905,64.22,64.22,64.22,64.22
1906,64.22,64.22,64.22,64.22
1907,64.22,64.22,64.22,64.22
1908,64.4,64.4,64.4,64.4
1909,64.4,64.4,64.4,64.4
1910,64.4,64.4,64.4,64.4
1911,64.4,64.4,64.4,64.4
1912,64.4,64.4,64.4,64.4
1913,64.22,64.22,64.22,64.22
1914,64.4,64.4,64.4,64.4
1915,64.4,64.4,64.4,64.4
1916,64.4,64.4,64.4,64.4
1917,64.4,64.4,64.4,64.4
1918,64.4,64.4,64.4,64.4
1919,64.4,64.4,64.4,64.4
1920,64.4,64.4,64.4,64.4
1921,64.4,64.4,64.4,64.4
1922,64.4,64.4,64.4,64.4
1923,64.4,64.4,64.4,64.4
1924,64.4,64.4,64.4,64.4
1925,64.4,64.4,64.4,64.4
1926,64.4,64.4,64.4,64.4
1927,64.58,64.58,64.58,64.58
1928,64.58,64.58,64.58,64.58
1929,64.58,64.58,64.58,64.58
1930,64.58,64.58,64.58,64.58
1931,64.4,64.4,64.4,64.4
1932,64.4,64.4,64.4,64.4
1933,64.4,64.4,64.4,64.4
1934,64.58,64.58,64.58,64.58
1935,64.58,64.58,64.58,64.58
1936,64.58,64.58,64.58,64.58
1937,64.58,64.58,64.58,64.58
1938,64.58,64.58,64.58,64.58
1939,64.58,64.58,64.58,64.58
1940,64.58,64.58,64.58,64.58
1941,64.58,64.58,64.58,64.58
1942,64.58,64.58,64.58,64.58
1943,64.58,64.58,64.58,64.58
1944,64.58,64.58,64.58,64.58
1945,64.58,64.58,64.58,64.58
1946,64.58,64.58,64.58,64.58
1947,64.58,64.58,64.58,64.58
1948,64.58,64.58,64.58,64.58
1949,64.58,64.58,64.58,64.58
1950,64.58,64.58,64.58,64.58
1951,64.58,64.58,64.58,64.58
1952,64.58,64.58,64.58,64.58
1953,64.58,64.58,64.58,64.58
1954,64.58,64.58,64.58,64.58
1955,64.58,64.58,64.58,64.58
1956,64.58,64.58,64.58,64.58
1957,64.58,64.58,64.58,64.58
1958,64.58,64.58,64.58,64.58
1959,64.76,64.76,64.76,64.76
1960,64.58,64.58,64.58,64.58
1961,64.58,64.58,64.58,64.58
1962,64.58,64.58,64.58,64.58
1963,64.58,64.58,64.58,64.58
1964,64.4,64.4,64.4,64.4
1965,64.4,64.4,64.4,64.4
1966,64.4,64.4,64.4,64.4
1967,64.4,64.4,64.4,64.4
1968,64.4,64.4,64.4,64.4
1969,64.4,64.4,64.4,64.4
1970,64.4,64.4,64.4,64.4
1971,64.58,64.58,64.58,64.58
1972,64.58,64.58,64.58,64.58
1973,64.58,64.58,64.58,64.58
1974,64.58,64.58,64.58,64.58
1975,64.58,64.58,64.58,64.58
1976,64.58,64.58,64.58,64.58
1977,64.58,64.58,64.58,64.58
1978,64.58,64.58,64.58,64.58
1979,64.76,64.76,64.76,64.76
1980,64.76,64.76,64.76,64.76
1981,64.76,64.76,64.76,64.76
1982,64.76,64.76,64.76,64.76
1983,64.58,64.58,64.58,64.58
1984,64.58,64.58,64.58,64.58
1985,64.58,64.58,64.58,64.58
1986,64.76,64.76,64.76,64.76
1987,64.76,64.76,64.76,64.76
1988,64.76,64.76,64.76,64.76
1989,64.76,64.76,64.76,64.76
1990,64.94,64.94,64.94,64.94
1991,64.94,64.94,64.94,64.94
1992,64.58,64.58,64.58,64.58
1993,64.58,64.58,64.58,64.58
1994,64.76,64.76,64.76,64.76
1995,64.76,64.76,64.76,64.76
1996,64.94,64.94,64.94,64.94
1997,64.94,64.94,64.94,64.94
1998,64.94,64.94,64.94,64.94
1999,65.12,65.12,65.12,65.12
2000,65.12,65.12,65.12,65.12
2001,65.12,65.12,65.12,65.12
2002,65.12,65.12,65.12,65.12
2003,65.12,65.12,65.12,65.12
2004,65.3,65.3,65.3,65.3
2005,65.3,65.3,65.3,65.3
2006,65.3,65.3,65.3,65.3
2007,65.12,65.12,65.12,65.12
2008,65.3,65.3,65.3,65.3
2009,65.3,65.3,65.3,65.3
2010,65.3,65.3,65.3,65.3
2011,65.3,65.3,65.3,65.3
2012,65.48,65.48,65.48,65.48
2013,65.48,65.48,65.48,65.48
2014,65.48,65.48,65.48,65.48
2015,65.48,65.48,65.48,65.48
2016,65.48,65.48,65.48,65.48
2017,65.48,65.66,65.66,65.66
2018,65.48,65.66,65.66,65.66
2019,65.66,65.66,65.66,65.66
2020,65.66,65.66,65.48,65.66
2021,65.66,65.66,65.66,65.66
2022,65.66,65.66,65.66,65.84
2023,65.84,65.66,65.66,65.84
2024,65.84,65.84,65.66,65.84
2025,65.84,65.84,65.84,65.84
2026,65.84,65.84,65.84,65.84
2027,65.84,65.84,66.02,66.02
2028,66.02,66.02,66.02,66.02
2029,66.02,66.02,65.84,66.02
2030,66.02,66.02,65.84,66.02
2031,66.02,66.02,66.02,66.2
2032,66.02,66.02,66.02,66.02
2033,66.02,66.02,66.02,66.02
2034,66.02,66.02,66.02,66.2
2035,66.02,66.02,66.2,66.2
2036,66.2,66.2,66.2,66.2
2037,66.2,66.2,66.38,66.38
2038,66.2,66.38,66.38,66.38
2039,66.02,66.2,66.38,66.38
2040,66.2,66.2,66.38,66.56
2041,66.2,66.38,66.38,66.56
2042,66.2,66.38,66.38,66.56
2043,66.2,66.38,66.38,66.74
2044,66.2,66.38,66.38,66.74
2045,66.2,66.38,66.56,66.74
2046,66.2,66.38,66.56,66.92
2047,66.2,66.56,66.74,66.92
2048,66.2,66.56,66.56,66.92
2049,66.38,66.56,66.74,66.92
2050,66.38,66.56,66.74,66.92
2051,66.38,66.56,66.92,66.92
2052,66.2,66.74,66.92,67.1
2053,66.2,66.56,66.92,67.1
2054,66.2,66.74,66.92,67.1
2055,66.2,66.74,66.92,67.28
2056,66.38,66.74,67.1,67.28
2057,66.38,66.74,67.1,67.28
2058,66.38,66.74,67.1,67.46
2059,66.38,66.92,67.1,67.46
2060,66.38,66.92,67.28,67.64
2061,66.38,66.92,67.28,67.64
2062,66.38,66.92,67.28,67.64
2063,66.38,66.92,67.28,67.82
2064,66.38,66.92,67.28,67.82
2065,66.38,66.92,67.46,67.82
2066,66.38,66.92,67.46,67.82
2067,66.38,66.92,67.46,68
2068,66.38,66.92,67.64,68
2069,66.38,66.92,67.64,68.18
2070,66.38,67.1,67.64,68.18
2071,66.38,67.1,67.64,68.18
2072,66.38,67.1,67.82,68.36
2073,66.38,67.28,67.82,68.36
2074,66.38,67.1,67.82,68.36
2075,66.38,67.1,68,68.54
2076,66.38,67.28,67.82,68.54
2077,66.38,67.28,68,68.54
2078,66.38,67.28,68,68.54
2079,66.38,67.28,68.18,68.72
2080,66.38,67.28,68.18,68.9
2081,66.38,67.28,68.18,68.9
2082,66.38,67.28,68.18,69.08
2083,66.38,67.28,68.36,69.08
2084,66.38,67.28,68.36,69.08
2085,66.38,67.46,68.36,69.26
2086,66.38,67.46,68.36,69.26
2087,66.38,67.28,68.54,69.26
2088,66.38,67.46,68.72,69.44
2089,66.38,67.46,68.72,69.44
2090,66.38,67.46,68.72,69.44
2091,66.38,67.46,68.72,69.62
2092,66.38,67.46,68.72,69.62
2093,66.38,67.46,68.72,69.62
2094,66.38,67.46,68.9,69.8
2095,66.2,67.46,68.9,69.8
2096,66.2,67.64,68.9,69.98
2097,66.2,67.46,69.08,69.98
2098,66.38,67.46,69.08,70.16
2099,66.38,67.46,69.08,70.16
2100,66.38,67.64,69.26,70.16
